transaction_id,account_ref,customer_ref,transaction_type,transaction_amount,currency,transaction_channel,merchant_ref,merchant_category,transaction_date
TXN0000001,ACC000380,CUST00407,IMPS,226155.34,INR,BRANCH,MERCH0091,RESTAURANT,2026-06-27 01:19:15
TXN0000002,ACC000104,CUST00022,CARD_PURCHASE,109020.06,XYZ,MOBILE,MERCH0070,ELECTRONICS,2025-12-30 02:52:53
TXN0000003,ACC000108,CUST00358,UPI,-5000.0,INR,POS,MERCH0016,PHARMACY,2026-01-14 05:09:12
TXN0000004,ACC000042,CUST00117,ATM_WITHDRAWAL,233761.2,INR,ATM,MERCH0052,GROCERY,2026-08-11 01:23:30
TXN0000005,ACC000069,CUST00400,UPI,91345.19,INR,ATM,MERCH0011,RESTAURANT,2026-02-13 18:29:17
TXN0000006,ACC000608,CUST00180,IMPS,161951.67,INR,MOBILE,MERCH0050,FUEL,2025-09-30 22:09:05
TXN0000007,ACC000069,CUST00400,NEFT,74724.6,INR,MOBILE,MERCH0081,FUEL,2026-01-24 17:16:02
TXN0000008,ACC000082,CUST00096,IMPS,121631.02,INR,POS,MERCH0095,ELECTRONICS,2026-03-06 18:01:14
TXN0000009,ACC000419,CUST00315,NEFT,8934.22,INR,BRANCH,MERCH0031,RESTAURANT,2026-07-25 21:21:20
TXN0000010,ACC000699,CUST00392,CARD_PURCHASE,15757.53,INR,ATM,MERCH0064,PHARMACY,2026-02-17 05:43:57
TXN0000011,ACC000547,CUST00064,CARD_PURCHASE,241643.87,INR,ATM,MERCH0008,TRAVEL,2026-01-26 05:03:09
TXN0000012,ACC000224,CUST00244,UPI,101382.91,INR,BRANCH,MERCH0059,FUEL,2026-04-26 11:01:10
TXN0000013,ACC000670,CUST00388,ATM_WITHDRAWAL,37246.92,INR,MOBILE,MERCH0005,FUEL,2026-04-27 04:46:01
TXN0000014,ACC000641,CUST00459,NEFT,122228.79,INR,BRANCH,MERCH0006,ELECTRONICS,2026-07-05 17:35:04
TXN0000015,ACC000136,CUST00454,NEFT,3601.16,INR,ATM,MERCH0106,GROCERY,2025-12-08 04:28:33
TXN0000016,ACC000695,CUST00492,CARD_PURCHASE,152810.36,INR,MOBILE,MERCH0105,GROCERY,2026-07-28 10:26:57
TXN0000017,ACC000150,CUST00013,UPI,124290.9,INR,WEB,MERCH0009,ELECTRONICS,2025-12-14 05:12:16
TXN0000018,ACC000333,CUST00069,CARD_PURCHASE,84342.4,INR,POS,MERCH0042,GROCERY,2026-05-19 13:29:05
TXN0000019,ACC000477,CUST00358,ATM_WITHDRAWAL,136475.74,INR,WEB,MERCH0098,GROCERY,2026-04-05 01:13:10
TXN0000020,ACC000098,CUST00001,ATM_WITHDRAWAL,43370.18,INR,ATM,MERCH0019,RESTAURANT,2026-03-11 15:30:21
TXN0000021,ACC000208,CUST00435,NEFT,174076.98,INR,POS,MERCH0032,PHARMACY,2026-08-20 07:42:21
TXN0000022,ACC000189,CUST00229,UPI,33351.39,INR,BRANCH,MERCH0049,ELECTRONICS,2026-01-06 02:58:03
TXN0000023,ACC000393,CUST00472,UPI,219907.94,INR,MOBILE,MERCH0023,GROCERY,2025-11-02 05:13:03
TXN0000024,ACC000484,CUST00126,ATM_WITHDRAWAL,221729.92,INR,POS,MERCH0089,ELECTRONICS,2025-10-20 15:09:22
TXN0000025,ACC000164,CUST00252,NEFT,35780.53,INR,POS,MERCH0053,ELECTRONICS,2025-12-25 03:39:21
TXN0000026,ACC000140,CUST00142,NEFT,152638.39,INR,WEB,MERCH0092,RESTAURANT,2025-11-23 00:39:03
TXN0000027,ACC000426,CUST00457,ATM_WITHDRAWAL,237575.01,INR,ATM,MERCH0045,RESTAURANT,2026-01-26 03:10:08
TXN0000028,ACC000184,CUST00057,UPI,139432.02,INR,BRANCH,MERCH0013,PHARMACY,2026-06-29 10:53:22
TXN0000029,ACC000541,CUST00499,IMPS,215684.14,EUR,BRANCH,MERCH0029,RESTAURANT,2026-03-27 00:24:50
TXN0000030,ACC000363,CUST00141,NEFT,69113.88,INR,WEB,MERCH0088,RESTAURANT,2026-06-28 20:06:53
TXN0000031,ACC000375,CUST00097,CARD_PURCHASE,44089.19,INR,MOBILE,MERCH0007,FUEL,2026-05-10 00:03:03
TXN0000032,ACC000338,CUST00320,IMPS,71273.28,INR,ATM,MERCH0079,RESTAURANT,2026-03-23 04:58:09
TXN0000033,ACC000484,CUST00126,UPI,26114.23,INR,BRANCH,MERCH0023,ELECTRONICS,2025-10-09 14:11:52
TXN0000034,ACC000371,CUST00335,UPI,121270.5,INR,WEB,MERCH0093,RESTAURANT,2026-07-22 03:01:09
TXN0000035,ACC000281,CUST00001,ATM_WITHDRAWAL,144944.65,INR,ATM,MERCH0030,GROCERY,2026-06-04 19:40:14
TXN0000036,ACC000326,CUST00443,IMPS,56953.24,INR,POS,MERCH0112,ELECTRONICS,2026-02-20 05:05:52
TXN0000037,ACC000031,CUST00090,CARD_PURCHASE,222842.37,INR,BRANCH,MERCH0063,GROCERY,2026-06-15 20:13:00
TXN0000038,ACC000008,CUST00276,CARD_PURCHASE,36243.87,INR,POS,MERCH0023,RESTAURANT,2026-09-09 16:53:28
TXN0000039,ACC000273,CUST00126,IMPS,34109.79,INR,ATM,MERCH0035,ELECTRONICS,2026-06-23 02:23:55
TXN0000040,ACC000089,CUST00131,IMPS,31811.67,INR,MOBILE,MERCH0036,ELECTRONICS,2026-03-29 21:00:05
TXN0000041,ACC000395,CUST00203,UPI,212914.33,INR,WEB,MERCH0098,TRAVEL,2025-12-27 18:10:54
TXN0000042,ACC000488,CUST00398,NEFT,221603.38,INR,BRANCH,MERCH0116,ELECTRONICS,2026-01-08 12:33:56
TXN0000043,ACC000232,CUST00107,ATM_WITHDRAWAL,242534.26,INR,MOBILE,MERCH0053,PHARMACY,2026-05-15 08:20:46
TXN0000044,ACC000126,CUST00226,CARD_PURCHASE,215551.14,INR,POS,MERCH0108,RESTAURANT,2026-05-07 08:25:44
TXN0000045,ACC000499,CUST00154,IMPS,3635.82,INR,WEB,MERCH0032,TRAVEL,2026-02-14 08:52:38
TXN0000046,ACC000593,CUST00032,CARD_PURCHASE,144870.96,INR,BRANCH,MERCH0020,PHARMACY,2025-10-14 18:19:12
TXN0000047,ACC000393,CUST00472,UPI,104448.79,INR,POS,MERCH0094,PHARMACY,2025-10-31 02:56:08
TXN0000048,ACC000378,CUST00116,UPI,106430.15,INR,MOBILE,MERCH0058,RESTAURANT,2025-10-13 12:28:22
TXN0000049,ACC000237,CUST00211,NEFT,20782.05,INR,POS,MERCH0028,ELECTRONICS,2026-05-28 03:13:06
TXN0000050,ACC000020,CUST00067,IMPS,73954.65,INR,MOBILE,MERCH0003,RESTAURANT,2026-02-01 19:34:03
TXN0000051,ACC000004,CUST00213,IMPS,40459.09,INR,BRANCH,MERCH0096,PHARMACY,2026-01-06 22:23:04
TXN0000052,ACC000251,CUST00371,UPI,244105.43,INR,WEB,MERCH0112,FUEL,2026-04-18 14:59:55
TXN0000053,ACC000535,CUST00108,CARD_PURCHASE,46244.59,INR,POS,MERCH0091,FUEL,2026-02-12 04:57:35
TXN0000054,ACC000341,CUST00490,UPI,215097.06,INR,ATM,MERCH0068,GROCERY,2026-03-10 21:03:44
TXN0000055,ACC000243,CUST00076,IMPS,106481.3,INR,BRANCH,MERCH0070,PHARMACY,2026-09-15 10:04:47
TXN0000056,ACC000173,CUST00070,NEFT,196925.08,INR,ATM,MERCH0095,GROCERY,2026-01-10 02:42:45
TXN0000057,ACC000345,CUST00092,ATM_WITHDRAWAL,236331.1,INR,MOBILE,MERCH0015,RESTAURANT,2025-11-03 20:19:45
TXN0000058,ACC000026,CUST00113,IMPS,116343.57,INR,ATM,MERCH0023,FUEL,2026-03-23 23:19:22
TXN0000059,ACC000065,CUST00120,ATM_WITHDRAWAL,176221.37,INR,WEB,MERCH0018,TRAVEL,2025-11-12 21:04:17
TXN0000060,ACC000113,CUST00487,NEFT,134913.06,INR,BRANCH,MERCH0112,FUEL,2026-08-29 19:33:42
TXN0000061,ACC000027,CUST00039,NEFT,188295.84,INR,ATM,MERCH0046,TRAVEL,2026-07-09 22:20:02
TXN0000062,ACC000400,CUST00033,ATM_WITHDRAWAL,170059.88,INR,MOBILE,MERCH0048,TRAVEL,2025-10-20 11:04:20
TXN0000063,ACC000211,CUST00063,CARD_PURCHASE,121561.86,INR,MOBILE,MERCH0061,FUEL,2026-01-25 18:25:50
TXN0000064,ACC000010,CUST00113,ATM_WITHDRAWAL,169580.29,INR,ATM,MERCH0058,PHARMACY,2026-07-19 19:14:05
TXN0000065,ACC000089,CUST00131,IMPS,199977.97,INR,MOBILE,MERCH0025,RESTAURANT,2026-07-03 04:22:00
TXN0000066,ACC000427,CUST00366,UPI,20051.8,INR,ATM,MERCH0010,GROCERY,2026-03-01 10:07:54
TXN0000067,ACC000101,CUST00308,NEFT,68992.92,INR,POS,MERCH0020,ELECTRONICS,2026-08-07 20:34:47
TXN0000068,ACC000615,CUST00205,ATM_WITHDRAWAL,238026.67,INR,POS,MERCH0088,PHARMACY,2025-11-19 16:04:12
TXN0000069,ACC000513,CUST00189,NEFT,118481.49,INR,MOBILE,MERCH0038,ELECTRONICS,2026-08-27 03:15:26
TXN0000070,ACC000031,CUST00090,UPI,5518.93,INR,BRANCH,MERCH0083,TRAVEL,2025-11-19 03:27:33
TXN0000071,ACC000250,CUST00100,CARD_PURCHASE,144680.36,INR,ATM,MERCH0063,PHARMACY,2026-05-08 18:51:33
TXN0000072,ACC000121,CUST00293,ATM_WITHDRAWAL,210478.55,INR,ATM,MERCH0073,ELECTRONICS,2026-01-15 18:59:00
TXN0000073,ACC000185,CUST00102,IMPS,42942.56,INR,POS,MERCH0048,TRAVEL,2026-05-02 16:20:10
TXN0000074,ACC000376,CUST00199,UPI,37093.1,INR,WEB,MERCH0080,ELECTRONICS,2025-12-08 09:31:45
TXN0000075,ACC000152,CUST00500,ATM_WITHDRAWAL,71318.79,USD,WEB,MERCH0021,ELECTRONICS,2026-04-27 22:08:30
TXN0000076,ACC000563,CUST00478,UPI,10297.45,INR,WEB,MERCH0057,TRAVEL,2025-10-25 21:42:53
TXN0000077,ACC000571,CUST00268,IMPS,46132.3,INR,MOBILE,MERCH0086,TRAVEL,2026-03-10 22:20:15
TXN0000078,ACC000600,CUST00323,IMPS,36994.57,INR,WEB,MERCH0069,TRAVEL,2025-12-25 23:07:31
TXN0000079,ACC000336,CUST00383,UPI,230109.29,INR,POS,MERCH0099,ELECTRONICS,2026-01-27 01:09:25
TXN0000080,ACC000620,CUST00174,CARD_PURCHASE,231953.54,INR,BRANCH,MERCH0065,TRAVEL,2026-05-02 03:42:26
TXN0000081,ACC000471,CUST00242,IMPS,118482.93,INR,BRANCH,MERCH0086,ELECTRONICS,2026-04-21 23:59:24
TXN0000082,ACC000123,CUST00416,ATM_WITHDRAWAL,182138.66,INR,ATM,MERCH0089,GROCERY,2026-07-14 23:08:19
TXN0000083,ACC000376,CUST00199,CARD_PURCHASE,225044.62,INR,BRANCH,MERCH0015,TRAVEL,2026-06-05 07:31:54
TXN0000084,ACC000670,CUST00388,UPI,100413.46,INR,POS,MERCH0046,GROCERY,2025-12-31 23:31:32
TXN0000085,ACC000490,CUST00110,IMPS,13767.86,INR,BRANCH,MERCH0068,ELECTRONICS,2026-04-25 22:01:44
TXN0000086,ACC000121,CUST00293,IMPS,48936.96,INR,POS,MERCH0087,FUEL,2026-04-15 22:58:55
TXN0000087,ACC000376,CUST00199,UPI,243960.12,INR,POS,MERCH0041,PHARMACY,2026-08-05 03:19:42
TXN0000088,ACC000670,CUST00388,ATM_WITHDRAWAL,127893.85,INR,ATM,MERCH0051,ELECTRONICS,2026-01-12 21:40:21
TXN0000089,ACC000166,CUST00488,CARD_PURCHASE,92413.8,INR,ATM,MERCH0045,TRAVEL,2026-06-16 12:42:24
TXN0000090,ACC000363,CUST00141,IMPS,244381.13,INR,MOBILE,MERCH0028,FUEL,2025-09-30 05:07:15
TXN0000091,ACC000497,CUST00276,CARD_PURCHASE,185384.5,INR,POS,MERCH0037,ELECTRONICS,2025-11-15 06:41:59
TXN0000092,ACC000609,CUST00019,CARD_PURCHASE,182154.09,INR,BRANCH,MERCH0077,GROCERY,2026-07-18 13:56:50
TXN0000093,ACC000599,CUST00154,NEFT,51953.87,INR,BRANCH,MERCH0043,GROCERY,2026-07-17 17:29:24
TXN0000094,ACC000210,CUST00487,ATM_WITHDRAWAL,189030.95,INR,POS,MERCH0082,TRAVEL,2025-10-18 03:17:22
TXN0000095,ACC000346,CUST00075,CARD_PURCHASE,43731.5,INR,BRANCH,MERCH0097,ELECTRONICS,2026-08-25 21:11:43
TXN0000096,ACC000008,CUST00276,NEFT,46509.74,INR,BRANCH,MERCH0063,GROCERY,2026-07-23 22:34:21
TXN0000097,ACC000512,CUST00269,IMPS,208647.95,INR,BRANCH,MERCH0095,RESTAURANT,2026-06-20 06:56:30
TXN0000098,ACC000023,CUST00498,NEFT,6719.74,INR,ATM,MERCH0039,FUEL,2026-06-25 00:12:03
TXN0000099,ACC000103,CUST00388,CARD_PURCHASE,31052.99,INR,ATM,MERCH0054,ELECTRONICS,2026-07-05 17:58:09
TXN0000100,ACC000621,CUST00359,CARD_PURCHASE,226699.23,INR,MOBILE,MERCH0016,TRAVEL,2026-01-21 15:46:40
TXN0000101,ACC000365,CUST00312,CARD_PURCHASE,248583.3,INR,ATM,MERCH0075,RESTAURANT,2026-08-19 04:01:20
TXN0000102,ACC000149,CUST00216,ATM_WITHDRAWAL,109022.77,INR,POS,MERCH0089,GROCERY,2026-02-09 00:21:04
TXN0000103,ACC000363,CUST00141,IMPS,128136.34,INR,ATM,MERCH0021,PHARMACY,2026-09-08 05:37:23
TXN0000104,ACC000268,CUST00093,UPI,36542.82,INR,WEB,MERCH0046,ELECTRONICS,2026-07-18 19:33:39
TXN0000105,ACC000227,CUST00360,UPI,68174.86,INR,ATM,MERCH0007,TRAVEL,2026-03-13 20:58:50
TXN0000106,ACC000564,CUST00427,IMPS,132407.79,INR,BRANCH,MERCH0025,FUEL,2026-07-08 22:32:17
TXN0000107,ACC000531,CUST00046,NEFT,191174.7,INR,WEB,MERCH0070,TRAVEL,2026-08-31 06:22:44
TXN0000108,ACC000377,CUST00403,IMPS,206707.23,INR,ATM,MERCH0035,FUEL,2025-12-14 03:38:52
TXN0000109,ACC000277,CUST00198,IMPS,23967.39,INR,WEB,MERCH0002,ELECTRONICS,2025-12-02 05:45:24
TXN0000110,ACC000664,CUST00055,ATM_WITHDRAWAL,70361.63,INR,POS,MERCH0044,ELECTRONICS,2026-01-24 11:52:26
TXN0000111,ACC000446,CUST00055,UPI,54476.87,INR,WEB,MERCH0102,PHARMACY,2026-03-22 14:33:56
TXN0000112,ACC000282,CUST00085,ATM_WITHDRAWAL,172416.31,INR,BRANCH,MERCH0092,PHARMACY,2025-12-19 03:35:59
TXN0000113,ACC000278,CUST00416,UPI,104342.39,INR,MOBILE,MERCH0105,ELECTRONICS,2026-03-19 16:26:56
TXN0000114,ACC000360,CUST00242,UPI,119884.76,INR,ATM,MERCH0018,RESTAURANT,2026-02-09 09:25:52
TXN0000115,ACC000385,CUST00432,ATM_WITHDRAWAL,130785.05,USD,WEB,MERCH0091,TRAVEL,2026-01-29 01:20:41
TXN0000116,ACC000482,CUST00318,UPI,186117.61,INR,WEB,MERCH0110,FUEL,2025-12-08 00:07:24
TXN0000117,ACC000470,CUST00296,NEFT,172014.91,INR,WEB,MERCH0017,GROCERY,2026-06-11 21:46:41
TXN0000118,ACC000248,CUST00106,CARD_PURCHASE,172707.63,INR,MOBILE,MERCH0003,RESTAURANT,2026-06-22 03:45:53
TXN0000119,ACC000512,CUST00269,CARD_PURCHASE,10638.81,INR,BRANCH,MERCH0076,GROCERY,2025-12-31 07:44:34
TXN0000120,ACC000659,CUST00241,CARD_PURCHASE,29739.37,INR,MOBILE,MERCH0039,FUEL,2025-12-29 21:33:15
TXN0000121,ACC000049,CUST00094,UPI,188640.02,INR,BRANCH,MERCH0027,PHARMACY,2026-05-14 03:33:51
TXN0000122,ACC000649,CUST00141,NEFT,46203.61,INR,MOBILE,MERCH0019,FUEL,2026-07-09 02:03:10
TXN0000123,ACC000197,CUST00322,IMPS,237198.41,INR,WEB,MERCH0110,PHARMACY,2026-09-18 22:39:59
TXN0000124,ACC000476,CUST00306,ATM_WITHDRAWAL,60463.21,INR,MOBILE,MERCH0105,PHARMACY,2025-09-30 17:06:42
TXN0000125,ACC000634,CUST00418,UPI,132214.4,INR,ATM,MERCH0022,PHARMACY,2025-11-15 04:51:28
TXN0000126,ACC000363,CUST00141,UPI,243395.24,INR,WEB,MERCH0118,PHARMACY,2025-11-07 00:22:57
TXN0000127,ACC000045,CUST00210,CARD_PURCHASE,91622.09,INR,POS,MERCH0087,GROCERY,2026-05-29 03:33:36
TXN0000128,ACC000140,CUST00142,NEFT,208687.19,USD,POS,MERCH0028,PHARMACY,2026-02-28 06:11:04
TXN0000129,ACC000068,CUST00471,NEFT,101900.42,INR,ATM,MERCH0016,RESTAURANT,2026-03-06 16:27:36
TXN0000130,ACC000431,CUST00155,UPI,129936.7,INR,ATM,MERCH0091,TRAVEL,2026-02-22 15:18:19
TXN0000131,ACC000274,CUST00365,ATM_WITHDRAWAL,180536.92,INR,POS,MERCH0015,RESTAURANT,2026-07-31 18:30:56
TXN0000132,ACC000251,CUST00371,IMPS,114241.87,INR,POS,MERCH0029,PHARMACY,2026-03-29 14:37:40
TXN0000133,ACC000333,CUST00069,CARD_PURCHASE,72654.43,INR,WEB,MERCH0110,GROCERY,2026-07-28 16:15:01
TXN0000134,ACC000552,CUST00182,CARD_PURCHASE,234771.11,INR,MOBILE,MERCH0087,RESTAURANT,2025-10-10 09:07:45
TXN0000135,ACC000490,CUST00110,UPI,99098.48,INR,MOBILE,MERCH0016,ELECTRONICS,2026-08-10 17:12:53
TXN0000136,ACC000534,CUST00456,CARD_PURCHASE,100162.07,INR,MOBILE,MERCH0095,ELECTRONICS,2026-04-14 22:28:04
TXN0000137,ACC000163,CUST00020,UPI,90933.86,INR,WEB,MERCH0077,RESTAURANT,2025-10-15 03:21:24
TXN0000138,ACC000138,CUST00199,UPI,58225.08,INR,POS,MERCH0036,FUEL,2026-09-11 07:03:29
TXN0000139,ACC000534,CUST00456,ATM_WITHDRAWAL,148416.56,INR,POS,MERCH0046,RESTAURANT,2026-04-08 16:04:19
TXN0000140,ACC000069,CUST00400,ATM_WITHDRAWAL,237535.2,EUR,BRANCH,MERCH0036,ELECTRONICS,2026-02-13 18:28:50
TXN0000141,ACC000374,CUST00220,CARD_PURCHASE,27018.09,INR,POS,MERCH0030,FUEL,2025-09-28 00:27:14
TXN0000142,ACC000397,CUST00060,NEFT,7440.58,INR,MOBILE,MERCH0064,FUEL,2026-04-29 10:17:21
TXN0000143,ACC000018,CUST00201,UPI,243018.42,INR,ATM,MERCH0020,TRAVEL,2026-03-10 12:30:39
TXN0000144,ACC000433,CUST00072,ATM_WITHDRAWAL,155811.92,INR,BRANCH,MERCH0099,RESTAURANT,2025-10-04 04:29:30
TXN0000145,ACC000539,CUST00088,CARD_PURCHASE,50490.92,INR,POS,MERCH0065,TRAVEL,2026-04-05 13:02:22
TXN0000146,ACC000186,CUST00023,ATM_WITHDRAWAL,85910.48,INR,BRANCH,MERCH0003,GROCERY,2026-08-26 19:09:03
TXN0000147,ACC000687,CUST00011,CARD_PURCHASE,220032.62,INR,POS,MERCH0041,RESTAURANT,2026-07-28 17:56:23
TXN0000148,ACC000376,CUST00199,CARD_PURCHASE,114919.46,INR,BRANCH,MERCH0085,TRAVEL,2026-01-26 17:57:38
TXN0000149,ACC000643,CUST00284,NEFT,122874.99,INR,POS,MERCH0063,GROCERY,2026-07-25 14:03:45
TXN0000150,ACC000200,CUST00260,ATM_WITHDRAWAL,168759.39,INR,BRANCH,MERCH0074,RESTAURANT,2026-04-18 23:30:53
TXN0000151,ACC000471,CUST00242,CARD_PURCHASE,140568.23,INR,MOBILE,MERCH0051,TRAVEL,2026-03-31 19:18:28
TXN0000152,ACC000357,CUST00389,CARD_PURCHASE,147765.37,INR,ATM,MERCH0099,TRAVEL,2026-01-09 11:54:10
TXN0000153,ACC000397,CUST00060,IMPS,15365.38,INR,WEB,MERCH0108,TRAVEL,2026-05-02 23:06:56
TXN0000154,ACC000376,CUST00199,IMPS,202390.26,INR,ATM,MERCH0049,GROCERY,2026-01-29 08:14:47
TXN0000155,ACC000470,CUST00296,CARD_PURCHASE,86292.31,INR,ATM,MERCH0008,FUEL,2026-05-26 02:14:24
TXN0000156,ACC000337,CUST00244,NEFT,61911.01,INR,BRANCH,MERCH0011,FUEL,2025-10-17 18:57:10
TXN0000157,ACC000025,CUST00379,UPI,217236.3,INR,WEB,MERCH0003,PHARMACY,2026-07-03 22:51:59
TXN0000158,ACC000623,CUST00432,IMPS,9354.03,INR,POS,MERCH0073,PHARMACY,2025-10-21 01:38:53
TXN0000159,ACC000354,CUST00099,CARD_PURCHASE,66662.06,INR,BRANCH,MERCH0003,TRAVEL,2026-04-29 06:29:18
TXN0000160,ACC000249,CUST00123,CARD_PURCHASE,142592.68,INR,MOBILE,MERCH0104,RESTAURANT,2025-10-27 12:17:13
TXN0000161,ACC000188,CUST00355,UPI,172719.08,INR,POS,MERCH0065,FUEL,2026-04-26 13:05:35
TXN0000162,ACC000050,CUST00012,IMPS,41665.14,INR,POS,MERCH0026,RESTAURANT,2026-07-21 21:03:24
TXN0000163,ACC000247,CUST00222,UPI,210096.72,INR,ATM,MERCH0034,GROCERY,2025-11-04 08:29:04
TXN0000164,ACC000345,CUST00092,IMPS,249056.96,INR,WEB,MERCH0080,FUEL,2026-04-16 05:49:56
TXN0000165,ACC000146,CUST00008,UPI,179429.53,INR,BRANCH,MERCH0044,TRAVEL,2025-11-22 04:12:03
TXN0000166,ACC000001,CUST00362,UPI,141611.41,INR,POS,MERCH0027,TRAVEL,2026-07-28 20:51:16
TXN0000167,ACC000049,CUST00094,UPI,162887.69,INR,ATM,MERCH0056,FUEL,2026-04-09 03:37:02
TXN0000168,ACC000315,CUST00046,ATM_WITHDRAWAL,78345.11,INR,ATM,MERCH0080,PHARMACY,2026-08-16 09:31:43
TXN0000169,ACC000513,CUST00189,CARD_PURCHASE,167893.35,INR,MOBILE,MERCH0081,FUEL,2026-08-18 09:52:17
TXN0000170,ACC000248,CUST00106,ATM_WITHDRAWAL,215678.82,INR,WEB,MERCH0085,FUEL,2025-10-25 19:09:08
TXN0000171,ACC000653,CUST00203,CARD_PURCHASE,66991.31,INR,BRANCH,MERCH0110,RESTAURANT,2026-05-02 14:49:05
TXN0000172,ACC000581,CUST00058,ATM_WITHDRAWAL,181656.5,INR,WEB,MERCH0047,RESTAURANT,2026-09-14 23:44:28
TXN0000173,ACC000692,CUST00049,NEFT,60101.08,INR,ATM,MERCH0109,RESTAURANT,2026-03-22 15:41:16
TXN0000174,ACC000447,CUST00421,CARD_PURCHASE,79670.11,INR,MOBILE,MERCH0082,ELECTRONICS,2026-05-16 15:21:09
TXN0000175,ACC000162,CUST00093,CARD_PURCHASE,66741.02,INR,WEB,MERCH0033,FUEL,2026-06-01 05:30:29
TXN0000176,ACC000442,CUST00021,ATM_WITHDRAWAL,59040.1,INR,WEB,MERCH0025,GROCERY,2025-12-04 20:38:50
TXN0000177,ACC000219,CUST00183,NEFT,199263.22,INR,POS,MERCH0072,RESTAURANT,2026-07-10 17:43:54
TXN0000178,ACC000370,CUST00207,CARD_PURCHASE,161734.04,INR,WEB,MERCH0035,ELECTRONICS,2025-10-20 02:38:07
TXN0000179,ACC000387,CUST00231,UPI,64606.63,INR,BRANCH,MERCH0023,FUEL,2026-07-16 15:28:47
TXN0000180,ACC000203,CUST00031,UPI,240947.08,INR,MOBILE,MERCH0008,GROCERY,2026-06-14 08:21:09
TXN0000181,ACC000160,CUST00294,IMPS,150403.92,INR,POS,MERCH0115,TRAVEL,2026-03-08 02:09:42
TXN0000182,ACC000315,CUST00046,UPI,99229.79,INR,WEB,MERCH0031,GROCERY,2026-08-05 07:29:00
TXN0000183,ACC000107,CUST00375,ATM_WITHDRAWAL,183622.76,INR,BRANCH,MERCH0086,PHARMACY,2026-01-07 06:00:54
TXN0000184,ACC000430,CUST00493,ATM_WITHDRAWAL,62959.5,INR,WEB,MERCH0077,GROCERY,2026-03-21 14:13:37
TXN0000185,ACC000675,CUST00208,IMPS,82328.18,INR,POS,MERCH0104,FUEL,2026-03-15 23:45:42
TXN0000186,ACC000375,CUST00097,NEFT,233875.67,INR,MOBILE,MERCH0023,ELECTRONICS,2026-09-02 02:50:38
TXN0000187,ACC000174,CUST00211,IMPS,109874.46,INR,BRANCH,MERCH0008,RESTAURANT,2026-08-29 16:40:49
TXN0000188,ACC000446,CUST00055,ATM_WITHDRAWAL,93682.5,INR,ATM,MERCH0070,RESTAURANT,2026-07-05 16:50:07
TXN0000189,ACC000679,CUST00397,CARD_PURCHASE,170687.78,USD,WEB,MERCH0047,RESTAURANT,2025-11-19 20:06:12
TXN0000190,ACC000485,CUST00196,IMPS,205343.13,INR,BRANCH,MERCH0005,FUEL,2026-06-01 08:01:18
TXN0000191,ACC000148,CUST00016,UPI,172673.71,INR,WEB,MERCH0033,PHARMACY,2026-01-28 01:16:22
TXN0000192,ACC000103,CUST00388,CARD_PURCHASE,77324.03,INR,ATM,MERCH0116,FUEL,2025-10-20 02:05:48
TXN0000193,ACC000350,CUST00303,UPI,133732.32,INR,POS,MERCH0050,GROCERY,2025-12-01 06:46:11
TXN0000194,ACC000355,CUST00310,CARD_PURCHASE,231877.58,INR,ATM,MERCH0012,ELECTRONICS,2026-05-31 07:45:08
TXN0000195,ACC000234,CUST00211,IMPS,52604.52,INR,POS,MERCH0081,TRAVEL,2026-05-03 02:55:16
TXN0000196,ACC000157,CUST00185,CARD_PURCHASE,197331.46,INR,MOBILE,MERCH0106,RESTAURANT,2026-01-31 16:42:12
TXN0000197,ACC000264,CUST00200,CARD_PURCHASE,184238.12,INR,ATM,MERCH0092,RESTAURANT,2026-03-17 01:28:21
TXN0000198,ACC000580,CUST00464,UPI,206101.97,INR,BRANCH,MERCH0009,TRAVEL,2026-04-14 16:05:52
TXN0000199,ACC000495,CUST00141,CARD_PURCHASE,150532.96,INR,ATM,MERCH0059,FUEL,2026-07-22 01:56:50
TXN0000200,ACC000392,CUST00011,UPI,190496.24,INR,WEB,MERCH0081,RESTAURANT,2026-06-17 16:49:05
TXN0000201,ACC000467,CUST00023,NEFT,778.92,INR,ATM,MERCH0041,PHARMACY,2026-07-05 21:42:03
TXN0000202,ACC000021,CUST00320,UPI,27715.94,INR,WEB,MERCH0109,PHARMACY,2026-08-06 06:20:41
TXN0000203,ACC000579,CUST00448,CARD_PURCHASE,198162.65,INR,POS,MERCH0112,FUEL,2026-03-08 15:40:51
TXN0000204,ACC000538,CUST00342,NEFT,65177.36,INR,ATM,MERCH0103,TRAVEL,2026-09-02 03:13:40
TXN0000205,ACC000509,CUST00097,NEFT,21108.89,INR,POS,MERCH0113,RESTAURANT,2025-09-30 01:41:17
TXN0000206,ACC000634,CUST00418,ATM_WITHDRAWAL,56129.54,INR,BRANCH,MERCH0083,PHARMACY,2026-02-24 15:22:55
TXN0000207,ACC000070,CUST00030,NEFT,226712.13,USD,WEB,MERCH0034,FUEL,2026-05-02 22:23:31
TXN0000208,ACC000146,CUST00008,NEFT,12455.24,INR,BRANCH,MERCH0034,ELECTRONICS,2026-01-13 19:59:24
TXN0000209,ACC000099,CUST00254,UPI,239508.64,INR,BRANCH,MERCH0016,GROCERY,2025-09-24 04:40:13
TXN0000210,ACC000088,CUST00406,ATM_WITHDRAWAL,108795.33,INR,POS,MERCH0106,FUEL,2026-05-21 22:39:25
TXN0000211,ACC000471,CUST00242,CARD_PURCHASE,29636.9,INR,WEB,MERCH0111,TRAVEL,2026-08-09 09:02:30
TXN0000212,ACC000256,CUST00177,IMPS,186613.29,INR,POS,MERCH0110,ELECTRONICS,2026-02-20 04:01:16
TXN0000213,ACC000532,CUST00145,ATM_WITHDRAWAL,53899.49,INR,WEB,MERCH0054,ELECTRONICS,2025-09-29 01:20:37
TXN0000214,ACC000228,CUST00151,CARD_PURCHASE,198117.96,INR,ATM,MERCH0031,PHARMACY,2025-09-25 01:01:34
TXN0000215,ACC000044,CUST00125,CARD_PURCHASE,226832.99,INR,POS,MERCH0011,GROCERY,2025-12-18 04:44:32
TXN0000216,ACC000249,CUST00123,CARD_PURCHASE,33309.9,INR,POS,MERCH0088,ELECTRONICS,2026-01-24 22:17:12
TXN0000217,ACC000240,CUST00435,CARD_PURCHASE,177116.21,INR,ATM,MERCH0010,GROCERY,2026-03-06 14:46:13
TXN0000218,ACC000632,CUST00114,ATM_WITHDRAWAL,14697.49,INR,WEB,MERCH0061,TRAVEL,2025-11-19 04:09:41
TXN0000219,ACC000530,CUST00324,ATM_WITHDRAWAL,234831.09,USD,BRANCH,MERCH0091,FUEL,2025-12-31 06:07:53
TXN0000220,ACC000472,CUST00433,UPI,1350.19,INR,POS,MERCH0039,RESTAURANT,2026-08-19 23:58:50
TXN0000221,ACC000482,CUST00318,IMPS,33068.24,INR,MOBILE,MERCH0075,ELECTRONICS,2025-12-17 06:55:56
TXN0000222,ACC000224,CUST00244,IMPS,42474.93,INR,ATM,MERCH0113,RESTAURANT,2026-05-06 16:13:50
TXN0000223,ACC000025,CUST00379,NEFT,22421.1,INR,POS,MERCH0019,TRAVEL,2026-06-10 16:35:59
TXN0000224,ACC000637,CUST00369,UPI,78324.27,USD,POS,MERCH0112,TRAVEL,2026-07-16 21:39:52
TXN0000225,ACC000174,CUST00211,IMPS,231560.0,INR,ATM,MERCH0079,TRAVEL,2026-01-26 13:45:34
TXN0000226,ACC000600,CUST00323,ATM_WITHDRAWAL,78259.45,INR,ATM,MERCH0095,RESTAURANT,2026-04-16 11:26:30
TXN0000227,ACC000526,CUST00358,NEFT,138923.12,INR,POS,MERCH0007,ELECTRONICS,2026-03-18 12:01:02
TXN0000228,ACC000515,CUST00215,NEFT,13651.25,INR,POS,MERCH0034,ELECTRONICS,2026-06-02 13:33:32
TXN0000229,ACC000423,CUST00252,CARD_PURCHASE,109113.1,EUR,POS,MERCH0006,RESTAURANT,2026-06-07 03:26:31
TXN0000230,ACC000102,CUST00350,IMPS,247204.76,INR,POS,MERCH0064,GROCERY,2025-12-08 12:40:21
TXN0000231,ACC000204,CUST00019,NEFT,30922.32,INR,ATM,MERCH0024,ELECTRONICS,2026-07-17 17:41:40
TXN0000232,ACC000470,CUST00296,ATM_WITHDRAWAL,205644.71,INR,BRANCH,MERCH0028,PHARMACY,2026-08-06 18:36:46
TXN0000233,ACC000344,CUST00413,UPI,131508.59,INR,POS,MERCH0118,GROCERY,2026-05-02 19:36:04
TXN0000234,ACC000628,CUST00003,NEFT,192065.67,INR,ATM,MERCH0004,TRAVEL,2026-09-16 02:23:43
TXN0000235,ACC000016,CUST00381,UPI,98548.51,INR,MOBILE,MERCH0108,TRAVEL,2026-02-06 10:58:51
TXN0000236,ACC000231,CUST00290,NEFT,7228.34,INR,POS,MERCH0059,FUEL,2026-09-03 15:04:49
TXN0000237,ACC000698,CUST00446,IMPS,148555.12,INR,MOBILE,MERCH0084,PHARMACY,2026-08-29 14:32:50
TXN0000238,ACC000622,CUST00062,CARD_PURCHASE,81235.62,INR,BRANCH,MERCH0017,ELECTRONICS,2026-06-26 08:50:23
TXN0000239,ACC000076,CUST00389,UPI,200391.48,INR,MOBILE,MERCH0096,GROCERY,2026-08-24 12:44:20
TXN0000240,ACC000087,CUST00195,ATM_WITHDRAWAL,237975.53,INR,POS,MERCH0033,ELECTRONICS,2026-05-03 18:08:08
TXN0000241,ACC000470,CUST00296,NEFT,241262.68,INR,MOBILE,MERCH0003,ELECTRONICS,2025-11-19 23:49:36
TXN0000242,ACC000599,CUST00154,NEFT,97131.84,INR,WEB,MERCH0016,TRAVEL,2025-12-04 01:37:56
TXN0000243,ACC000316,CUST00162,CARD_PURCHASE,200277.09,INR,ATM,MERCH0116,FUEL,2026-07-18 22:15:17
TXN0000244,ACC000570,CUST00056,ATM_WITHDRAWAL,32830.35,INR,ATM,MERCH0066,ELECTRONICS,2025-11-18 07:33:08
TXN0000245,ACC000089,CUST00131,CARD_PURCHASE,111366.15,INR,ATM,MERCH0073,PHARMACY,2025-12-10 18:51:00
TXN0000246,ACC000566,CUST00196,CARD_PURCHASE,22564.69,INR,ATM,MERCH0079,ELECTRONICS,2026-01-19 12:42:17
TXN0000247,ACC000133,CUST00334,CARD_PURCHASE,157675.26,INR,BRANCH,MERCH0044,RESTAURANT,2025-12-01 05:57:29
TXN0000248,ACC000443,CUST00149,NEFT,161906.18,INR,POS,MERCH0068,FUEL,2025-10-30 21:52:14
TXN0000249,ACC000430,CUST00493,ATM_WITHDRAWAL,21001.69,INR,MOBILE,MERCH0117,RESTAURANT,2025-10-01 21:52:37
TXN0000250,ACC000492,CUST00313,IMPS,37160.15,INR,ATM,MERCH0108,ELECTRONICS,2026-04-16 21:18:03
TXN0000251,ACC000455,CUST00056,ATM_WITHDRAWAL,106938.67,INR,BRANCH,MERCH0010,GROCERY,2026-05-13 11:45:42
TXN0000252,ACC000246,CUST00162,ATM_WITHDRAWAL,26916.97,INR,MOBILE,MERCH0060,FUEL,2026-08-15 18:36:22
TXN0000253,ACC000367,CUST00496,ATM_WITHDRAWAL,203208.06,INR,BRANCH,MERCH0011,PHARMACY,2025-10-07 01:10:19
TXN0000254,ACC000284,CUST00166,UPI,28492.73,INR,WEB,MERCH0101,ELECTRONICS,2026-07-21 10:34:15
TXN0000255,ACC000282,CUST00085,CARD_PURCHASE,11324.23,INR,ATM,MERCH0041,PHARMACY,2025-11-10 04:11:19
TXN0000256,ACC000510,CUST00219,CARD_PURCHASE,189340.99,INR,ATM,MERCH0044,ELECTRONICS,2026-04-19 11:19:21
TXN0000257,ACC000220,CUST00463,NEFT,46280.0,INR,BRANCH,MERCH0034,FUEL,2026-02-04 01:53:07
TXN0000258,ACC000497,CUST00276,UPI,108455.39,INR,POS,MERCH0015,GROCERY,2025-10-18 15:03:40
TXN0000259,ACC000007,CUST00431,NEFT,163953.68,INR,POS,MERCH0112,FUEL,2026-01-26 21:36:19
TXN0000260,ACC000475,CUST00151,ATM_WITHDRAWAL,181480.59,INR,BRANCH,MERCH0047,FUEL,2026-08-25 19:37:03
TXN0000261,ACC000573,CUST00299,CARD_PURCHASE,201162.14,INR,WEB,MERCH0002,ELECTRONICS,2026-01-22 04:35:38
TXN0000262,ACC000315,CUST00046,UPI,203993.9,INR,WEB,MERCH0110,GROCERY,2026-09-17 07:22:22
TXN0000263,ACC000293,CUST00429,NEFT,120284.49,INR,WEB,MERCH0056,FUEL,2025-12-20 02:10:14
TXN0000264,ACC000417,CUST00089,ATM_WITHDRAWAL,47736.7,INR,POS,MERCH0019,RESTAURANT,2026-06-04 08:00:31
TXN0000265,ACC000610,CUST00235,CARD_PURCHASE,5463.99,INR,WEB,MERCH0095,FUEL,2025-12-11 19:40:18
TXN0000266,ACC000477,CUST00358,CARD_PURCHASE,240967.08,INR,POS,MERCH0075,ELECTRONICS,2025-12-09 01:26:26
TXN0000267,ACC000468,CUST00137,NEFT,73714.9,INR,POS,MERCH0007,TRAVEL,2026-01-17 08:57:17
TXN0000268,ACC000552,CUST00182,UPI,25674.85,INR,POS,MERCH0054,RESTAURANT,2025-11-24 03:24:36
TXN0000269,ACC000500,CUST00014,ATM_WITHDRAWAL,148963.93,INR,ATM,MERCH0005,RESTAURANT,2026-03-05 12:03:26
TXN0000270,ACC000111,CUST00388,CARD_PURCHASE,121530.38,INR,BRANCH,MERCH0120,FUEL,2026-01-05 00:04:36
TXN0000271,ACC000147,CUST00010,CARD_PURCHASE,57984.13,INR,MOBILE,MERCH0055,PHARMACY,2025-12-21 04:58:02
TXN0000272,ACC000392,CUST00011,IMPS,138318.39,INR,POS,MERCH0114,RESTAURANT,2026-09-20 08:25:00
TXN0000273,ACC000541,CUST00499,UPI,123702.25,INR,ATM,MERCH0058,FUEL,2026-09-13 23:20:02
TXN0000274,ACC000413,CUST00440,CARD_PURCHASE,5211.52,INR,WEB,MERCH0061,TRAVEL,2025-12-15 02:13:54
TXN0000275,ACC000599,CUST00154,CARD_PURCHASE,58033.46,INR,ATM,MERCH0118,PHARMACY,2026-07-18 16:13:39
TXN0000276,ACC000098,CUST00001,CARD_PURCHASE,32798.33,INR,POS,MERCH0054,FUEL,2026-02-06 17:30:01
TXN0000277,ACC000311,CUST00312,IMPS,198995.21,INR,WEB,MERCH0080,ELECTRONICS,2025-10-02 07:52:06
TXN0000278,ACC000334,CUST00005,IMPS,172677.48,INR,POS,MERCH0017,ELECTRONICS,2025-11-14 01:17:21
TXN0000279,ACC000617,CUST00053,NEFT,39086.96,INR,POS,MERCH0064,TRAVEL,2026-08-28 13:37:20
TXN0000280,ACC000250,CUST00100,NEFT,52366.14,INR,MOBILE,MERCH0046,TRAVEL,2026-09-05 19:36:45
TXN0000281,ACC000422,CUST00456,IMPS,169235.2,INR,BRANCH,MERCH0005,GROCERY,2026-03-11 11:11:52
TXN0000282,ACC000454,CUST00200,IMPS,107660.81,INR,MOBILE,MERCH0072,ELECTRONICS,2025-11-08 12:54:59
TXN0000283,ACC000277,CUST00198,CARD_PURCHASE,64462.96,INR,ATM,MERCH0099,GROCERY,2026-08-11 16:21:22
TXN0000284,ACC000060,CUST00462,ATM_WITHDRAWAL,66880.13,INR,BRANCH,MERCH0078,FUEL,2026-02-14 09:45:45
TXN0000285,ACC000659,CUST00241,UPI,176604.17,INR,POS,MERCH0103,RESTAURANT,2025-10-01 14:24:54
TXN0000286,ACC000075,CUST00184,UPI,243665.19,INR,BRANCH,MERCH0101,GROCERY,2026-03-13 03:23:02
TXN0000287,ACC000447,CUST00421,ATM_WITHDRAWAL,10501.94,INR,MOBILE,MERCH0112,ELECTRONICS,2026-08-24 15:26:19
TXN0000288,ACC000626,CUST00453,IMPS,39266.57,INR,POS,MERCH0098,PHARMACY,2026-07-07 15:29:33
TXN0000289,ACC000500,CUST00014,CARD_PURCHASE,183140.65,INR,ATM,MERCH0043,ELECTRONICS,2026-08-19 11:03:26
TXN0000290,ACC000432,CUST00319,UPI,212150.29,INR,POS,MERCH0099,GROCERY,2026-07-06 01:56:02
TXN0000291,ACC000217,CUST00497,NEFT,208704.99,INR,ATM,MERCH0065,ELECTRONICS,2025-12-11 17:35:39
TXN0000292,ACC000675,CUST00208,UPI,66511.25,INR,POS,MERCH0047,FUEL,2026-02-16 11:11:11
TXN0000293,ACC000537,CUST00029,NEFT,37911.29,INR,POS,MERCH0101,ELECTRONICS,2025-10-10 20:09:27
TXN0000294,ACC000179,CUST00152,NEFT,200444.15,INR,POS,MERCH0115,RESTAURANT,2026-03-14 06:02:25
TXN0000295,ACC000030,CUST00195,ATM_WITHDRAWAL,198653.89,INR,MOBILE,MERCH0057,ELECTRONICS,2026-03-11 01:00:00
TXN0000296,ACC000096,CUST00147,UPI,179409.26,INR,MOBILE,MERCH0011,TRAVEL,2026-02-23 18:03:27
TXN0000297,ACC000175,CUST00104,IMPS,100418.7,INR,POS,MERCH0008,RESTAURANT,2025-12-07 20:53:06
TXN0000298,ACC000219,CUST00183,UPI,165047.44,INR,BRANCH,MERCH0008,FUEL,2025-12-10 14:04:43
TXN0000299,ACC000227,CUST00360,ATM_WITHDRAWAL,243165.56,INR,BRANCH,MERCH0112,TRAVEL,2026-07-18 03:32:11
TXN0000300,ACC000086,CUST00290,IMPS,227308.62,INR,ATM,MERCH0116,PHARMACY,2026-02-16 12:00:35
TXN0000301,ACC000555,CUST00176,ATM_WITHDRAWAL,230113.44,INR,POS,MERCH0083,ELECTRONICS,2026-05-08 22:40:12
TXN0000302,ACC000152,CUST00500,ATM_WITHDRAWAL,156093.68,INR,POS,MERCH0090,TRAVEL,2026-08-04 01:07:55
TXN0000303,ACC000125,CUST00295,CARD_PURCHASE,193852.33,INR,MOBILE,MERCH0005,PHARMACY,2025-11-09 03:15:47
TXN0000304,ACC000382,CUST00301,IMPS,97504.48,INR,WEB,MERCH0067,PHARMACY,2025-10-27 18:53:19
TXN0000305,ACC000267,CUST00281,IMPS,53441.49,INR,ATM,MERCH0067,TRAVEL,2025-11-28 17:28:03
TXN0000306,ACC000101,CUST00308,NEFT,5865.2,INR,BRANCH,MERCH0076,TRAVEL,2026-04-06 12:15:52
TXN0000307,ACC000629,CUST00069,NEFT,208058.92,INR,POS,MERCH0065,GROCERY,2026-09-11 09:51:49
TXN0000308,ACC000076,CUST00389,UPI,210397.44,INR,BRANCH,MERCH0046,GROCERY,2026-05-04 07:37:36
TXN0000309,ACC000563,CUST00478,UPI,189142.42,INR,POS,MERCH0039,PHARMACY,2026-06-30 02:26:51
TXN0000310,ACC000141,CUST00297,UPI,113292.26,USD,BRANCH,MERCH0073,FUEL,2026-04-10 07:32:26
TXN0000311,ACC000132,CUST00123,ATM_WITHDRAWAL,211125.5,INR,ATM,MERCH0037,FUEL,2025-11-07 23:48:30
TXN0000312,ACC000505,CUST00372,ATM_WITHDRAWAL,168111.73,INR,BRANCH,MERCH0095,ELECTRONICS,2025-11-23 23:37:36
TXN0000313,ACC000619,CUST00101,UPI,81968.46,INR,ATM,MERCH0059,GROCERY,2026-07-12 13:31:46
TXN0000314,ACC000005,CUST00470,NEFT,177912.99,INR,MOBILE,MERCH0012,GROCERY,2025-12-12 03:24:53
TXN0000315,ACC000442,CUST00021,CARD_PURCHASE,222128.44,INR,POS,MERCH0010,TRAVEL,2025-11-07 11:16:05
TXN0000316,ACC000498,CUST00448,ATM_WITHDRAWAL,100694.4,INR,POS,MERCH0112,TRAVEL,2026-03-30 16:16:05
TXN0000317,ACC000338,CUST00320,ATM_WITHDRAWAL,124711.84,INR,POS,MERCH0089,RESTAURANT,2026-07-06 08:43:51
TXN0000318,ACC000605,CUST00358,CARD_PURCHASE,205954.72,INR,WEB,MERCH0063,FUEL,2026-05-14 15:02:34
TXN0000319,ACC000261,CUST00164,CARD_PURCHASE,32355.0,INR,BRANCH,MERCH0016,FUEL,2026-02-07 21:53:14
TXN0000320,ACC000577,CUST00362,NEFT,113863.54,INR,WEB,MERCH0072,TRAVEL,2026-07-09 20:59:43
TXN0000321,ACC000058,CUST00234,UPI,150404.04,INR,MOBILE,MERCH0048,PHARMACY,2026-01-22 18:58:44
TXN0000322,ACC000193,CUST00301,IMPS,10080.13,INR,ATM,MERCH0040,TRAVEL,2026-03-01 22:43:09
TXN0000323,ACC000555,CUST00176,IMPS,73502.38,INR,WEB,MERCH0019,PHARMACY,2025-12-04 21:31:13
TXN0000324,ACC000090,CUST00049,CARD_PURCHASE,12172.28,INR,ATM,MERCH0028,ELECTRONICS,2025-12-12 09:50:28
TXN0000325,ACC000689,CUST00185,CARD_PURCHASE,531.42,INR,MOBILE,MERCH0112,GROCERY,2025-10-26 23:40:49
TXN0000326,ACC000050,CUST00012,CARD_PURCHASE,120299.3,INR,POS,MERCH0116,TRAVEL,2026-07-29 08:02:29
TXN0000327,ACC000299,CUST00192,CARD_PURCHASE,118812.13,INR,BRANCH,MERCH0017,ELECTRONICS,2026-04-06 14:11:33
TXN0000328,ACC000401,CUST00255,ATM_WITHDRAWAL,159118.7,INR,POS,MERCH0020,FUEL,2026-02-08 11:34:16
TXN0000329,ACC000549,CUST00389,IMPS,22337.85,INR,BRANCH,MERCH0053,RESTAURANT,2026-03-26 08:32:02
TXN0000330,ACC000693,CUST00455,NEFT,225062.1,INR,MOBILE,MERCH0086,RESTAURANT,2025-12-29 20:52:17
TXN0000331,ACC000227,CUST00360,IMPS,161482.67,INR,MOBILE,MERCH0074,FUEL,2026-04-07 07:12:12
TXN0000332,ACC000328,CUST00321,IMPS,140265.48,INR,BRANCH,MERCH0011,ELECTRONICS,2025-11-04 05:17:29
TXN0000333,ACC000622,CUST00062,ATM_WITHDRAWAL,135463.16,INR,BRANCH,MERCH0067,ELECTRONICS,2026-03-18 04:33:53
TXN0000334,ACC000448,CUST00347,CARD_PURCHASE,125664.67,INR,BRANCH,MERCH0024,GROCERY,2025-09-27 23:56:01
TXN0000335,ACC000403,CUST00194,IMPS,196691.39,INR,BRANCH,MERCH0057,GROCERY,2025-09-24 13:04:27
TXN0000336,ACC000376,CUST00199,ATM_WITHDRAWAL,151717.64,INR,MOBILE,MERCH0063,GROCERY,2026-02-16 07:34:31
TXN0000337,ACC000261,CUST00164,IMPS,109259.98,INR,BRANCH,MERCH0041,RESTAURANT,2026-07-30 17:47:12
TXN0000338,ACC000216,CUST00467,IMPS,22765.36,USD,BRANCH,MERCH0022,TRAVEL,2026-03-03 20:15:39
TXN0000339,ACC000601,CUST00316,NEFT,45675.4,INR,WEB,MERCH0040,RESTAURANT,2026-02-24 04:35:29
TXN0000340,ACC000044,CUST00125,NEFT,14737.84,USD,WEB,MERCH0004,FUEL,2026-08-20 17:51:43
TXN0000341,ACC000607,CUST00099,UPI,74513.1,INR,WEB,MERCH0053,TRAVEL,2025-10-30 14:07:48
TXN0000342,ACC000013,CUST00403,IMPS,93884.53,INR,MOBILE,MERCH0007,ELECTRONICS,2026-02-06 11:18:52
TXN0000343,ACC000282,CUST00085,NEFT,188035.91,INR,POS,MERCH0066,PHARMACY,2026-02-08 16:32:53
TXN0000344,ACC000682,CUST00119,CARD_PURCHASE,237339.77,INR,ATM,MERCH0060,PHARMACY,2026-01-20 02:41:10
TXN0000345,ACC000457,CUST00066,CARD_PURCHASE,16373.9,INR,WEB,MERCH0117,GROCERY,2026-08-12 14:30:54
TXN0000346,ACC000553,CUST00298,IMPS,138523.28,INR,MOBILE,MERCH0032,PHARMACY,2025-10-17 02:08:22
TXN0000347,ACC000394,CUST00457,NEFT,76160.16,INR,MOBILE,MERCH0109,FUEL,2026-03-09 08:00:29
TXN0000348,ACC000526,CUST00358,ATM_WITHDRAWAL,50872.19,USD,ATM,MERCH0070,ELECTRONICS,2026-08-16 23:35:31
TXN0000349,ACC000584,CUST00255,NEFT,134388.53,INR,BRANCH,MERCH0058,GROCERY,2026-06-01 22:32:41
TXN0000350,ACC000649,CUST00141,UPI,203162.8,USD,BRANCH,MERCH0038,FUEL,2026-01-16 12:07:21
TXN0000351,ACC000187,CUST00438,NEFT,145.73,INR,POS,MERCH0035,PHARMACY,2025-12-19 19:13:35
TXN0000352,ACC000377,CUST00403,IMPS,209873.54,INR,ATM,MERCH0108,FUEL,2026-06-21 01:14:05
TXN0000353,ACC000194,CUST00337,NEFT,146293.94,INR,MOBILE,MERCH0021,FUEL,2025-10-24 12:35:31
TXN0000354,ACC000475,CUST00151,ATM_WITHDRAWAL,140774.76,INR,POS,MERCH0090,GROCERY,2026-06-01 07:55:07
TXN0000355,ACC000688,CUST00191,NEFT,181271.19,EUR,POS,MERCH0027,PHARMACY,2026-05-29 16:03:56
TXN0000356,ACC000149,CUST00216,ATM_WITHDRAWAL,239354.72,INR,ATM,MERCH0082,TRAVEL,2026-08-02 08:46:24
TXN0000357,ACC000014,CUST00431,CARD_PURCHASE,68260.55,INR,ATM,MERCH0044,ELECTRONICS,2026-02-20 01:35:09
TXN0000358,ACC000629,CUST00069,CARD_PURCHASE,239748.58,INR,WEB,MERCH0083,GROCERY,2026-08-27 21:49:00
TXN0000359,ACC000380,CUST00407,ATM_WITHDRAWAL,119137.47,INR,WEB,MERCH0053,PHARMACY,2026-03-23 18:51:16
TXN0000360,ACC000414,CUST00190,CARD_PURCHASE,190618.69,INR,MOBILE,MERCH0069,GROCERY,2025-09-27 21:10:48
TXN0000361,ACC000692,CUST00049,CARD_PURCHASE,168064.76,INR,POS,MERCH0106,PHARMACY,2026-01-06 09:59:13
TXN0000362,ACC000233,CUST00082,IMPS,96693.89,INR,MOBILE,MERCH0016,RESTAURANT,2026-07-02 02:05:00
TXN0000363,ACC000622,CUST00062,IMPS,234062.6,INR,WEB,MERCH0096,GROCERY,2026-05-31 03:16:34
TXN0000364,ACC000427,CUST00366,IMPS,170141.78,INR,WEB,MERCH0012,PHARMACY,2026-09-05 05:10:48
TXN0000365,ACC000638,CUST00269,IMPS,202105.54,INR,POS,MERCH0047,GROCERY,2026-01-25 06:33:02
TXN0000366,ACC000637,CUST00369,IMPS,123214.54,INR,BRANCH,MERCH0027,GROCERY,2025-10-09 08:19:17
TXN0000367,ACC000603,CUST00062,NEFT,246066.04,INR,MOBILE,MERCH0112,TRAVEL,2025-11-15 09:12:00
TXN0000368,ACC000056,CUST00156,ATM_WITHDRAWAL,125086.41,INR,WEB,MERCH0085,FUEL,2026-08-16 19:55:32
TXN0000369,ACC000234,CUST00211,ATM_WITHDRAWAL,168047.16,INR,WEB,MERCH0009,PHARMACY,2025-12-27 10:16:40
TXN0000370,ACC000159,CUST00334,NEFT,186495.9,INR,BRANCH,MERCH0110,ELECTRONICS,2025-11-29 14:32:49
TXN0000371,ACC000656,CUST00152,ATM_WITHDRAWAL,182227.43,INR,MOBILE,MERCH0089,FUEL,2026-04-28 23:42:26
TXN0000372,ACC000201,CUST00006,ATM_WITHDRAWAL,153617.99,INR,POS,MERCH0001,RESTAURANT,2025-09-25 07:53:12
TXN0000373,ACC000385,CUST00432,UPI,213466.41,INR,POS,MERCH0036,GROCERY,2025-11-10 10:00:42
TXN0000374,ACC000663,CUST00429,ATM_WITHDRAWAL,116652.02,INR,MOBILE,MERCH0114,FUEL,2026-04-11 03:21:17
TXN0000375,ACC000045,CUST00210,NEFT,11750.69,INR,BRANCH,MERCH0058,TRAVEL,2025-11-21 05:13:11
TXN0000376,ACC000594,CUST00475,UPI,97970.8,INR,BRANCH,MERCH0104,GROCERY,2025-11-15 04:23:44
TXN0000377,ACC000359,CUST00216,NEFT,244524.12,INR,MOBILE,MERCH0118,ELECTRONICS,2026-06-18 15:58:16
TXN0000378,ACC000572,CUST00367,NEFT,41128.75,INR,MOBILE,MERCH0004,RESTAURANT,2026-03-23 04:25:08
TXN0000379,ACC000422,CUST00456,CARD_PURCHASE,202016.69,INR,ATM,MERCH0108,TRAVEL,2026-07-14 18:29:05
TXN0000380,ACC000319,CUST00078,NEFT,26969.08,INR,ATM,MERCH0107,GROCERY,2025-10-06 20:52:04
TXN0000381,ACC000059,CUST00071,IMPS,129923.56,INR,MOBILE,MERCH0100,PHARMACY,2025-10-15 11:41:59
TXN0000382,ACC000610,CUST00235,ATM_WITHDRAWAL,109637.99,INR,POS,MERCH0075,GROCERY,2026-05-11 06:28:32
TXN0000383,ACC000386,CUST00477,UPI,243631.65,INR,POS,MERCH0041,FUEL,2026-07-30 08:10:24
TXN0000384,ACC000025,CUST00379,UPI,195663.73,INR,POS,MERCH0008,TRAVEL,2025-12-12 05:09:48
TXN0000385,ACC000659,CUST00241,ATM_WITHDRAWAL,156550.04,INR,MOBILE,MERCH0072,GROCERY,2026-08-24 04:22:06
TXN0000386,ACC000390,CUST00041,IMPS,212483.83,INR,BRANCH,MERCH0097,RESTAURANT,2026-07-06 01:20:30
TXN0000387,ACC000256,CUST00177,NEFT,216147.04,INR,BRANCH,MERCH0002,RESTAURANT,2026-06-05 09:58:05
TXN0000388,ACC000067,CUST00228,CARD_PURCHASE,116057.63,INR,BRANCH,MERCH0080,GROCERY,2026-01-13 13:11:36
TXN0000389,ACC000357,CUST00389,IMPS,162733.85,INR,MOBILE,MERCH0059,PHARMACY,2026-02-13 01:58:47
TXN0000390,ACC000143,CUST00308,IMPS,146957.46,INR,MOBILE,MERCH0077,FUEL,2026-05-19 13:28:38
TXN0000391,ACC000638,CUST00269,UPI,148225.7,INR,BRANCH,MERCH0017,FUEL,2026-03-01 20:22:30
TXN0000392,ACC000649,CUST00141,ATM_WITHDRAWAL,64078.96,INR,BRANCH,MERCH0057,ELECTRONICS,2026-08-07 10:41:59
TXN0000393,ACC000135,CUST00031,NEFT,34426.8,INR,WEB,MERCH0040,PHARMACY,2025-11-21 21:17:32
TXN0000394,ACC000250,CUST00100,CARD_PURCHASE,128286.3,INR,ATM,MERCH0040,PHARMACY,2026-03-03 13:02:21
TXN0000395,ACC000445,CUST00293,ATM_WITHDRAWAL,193876.16,INR,ATM,MERCH0078,TRAVEL,2025-11-27 16:31:04
TXN0000396,ACC000134,CUST00082,IMPS,92213.81,INR,BRANCH,MERCH0085,FUEL,2025-11-28 13:11:11
TXN0000397,ACC000023,CUST00498,NEFT,14338.84,INR,BRANCH,MERCH0110,GROCERY,2026-09-20 08:19:02
TXN0000398,ACC000511,CUST00083,CARD_PURCHASE,85960.59,USD,WEB,MERCH0101,GROCERY,2026-04-11 03:08:47
TXN0000399,ACC000532,CUST00145,IMPS,47347.0,INR,POS,MERCH0077,FUEL,2025-11-19 12:24:56
TXN0000400,ACC000097,CUST00243,IMPS,213003.65,INR,ATM,MERCH0079,TRAVEL,2026-07-06 21:04:40
TXN0000401,ACC000116,CUST00447,CARD_PURCHASE,82161.48,INR,MOBILE,MERCH0064,ELECTRONICS,2026-08-02 01:45:57
TXN0000402,ACC000151,CUST00227,UPI,159695.37,INR,POS,MERCH0080,ELECTRONICS,2026-08-02 10:10:26
TXN0000403,ACC000026,CUST00113,NEFT,120191.74,INR,ATM,MERCH0104,FUEL,2026-06-08 09:52:58
TXN0000404,ACC000579,CUST00448,CARD_PURCHASE,51337.04,INR,MOBILE,MERCH0047,GROCERY,2025-12-01 06:13:07
TXN0000405,ACC000612,CUST00221,UPI,89478.09,INR,WEB,MERCH0038,RESTAURANT,2026-02-10 12:07:39
TXN0000406,ACC000437,CUST00308,NEFT,157837.33,INR,ATM,MERCH0006,GROCERY,2026-08-29 03:02:33
TXN0000407,ACC000692,CUST00049,NEFT,49464.27,INR,ATM,MERCH0093,ELECTRONICS,2026-09-15 22:38:52
TXN0000408,ACC000183,CUST00308,IMPS,211885.07,INR,WEB,MERCH0003,ELECTRONICS,2025-11-03 05:03:02
TXN0000409,ACC000406,CUST00452,IMPS,227663.13,INR,WEB,MERCH0049,FUEL,2026-07-24 04:41:16
TXN0000410,ACC000004,CUST00213,UPI,84602.44,INR,POS,MERCH0031,TRAVEL,2025-11-23 18:52:47
TXN0000411,ACC000312,CUST00092,IMPS,165230.57,INR,BRANCH,MERCH0113,RESTAURANT,2025-10-03 08:52:56
TXN0000412,ACC000488,CUST00398,UPI,29632.14,INR,WEB,MERCH0102,ELECTRONICS,2026-04-02 22:59:58
TXN0000413,ACC000423,CUST00252,NEFT,133143.35,INR,ATM,MERCH0077,RESTAURANT,2025-12-09 23:34:54
TXN0000414,ACC000383,CUST00201,NEFT,230254.19,INR,BRANCH,MERCH0025,PHARMACY,2026-01-18 14:10:41
TXN0000415,ACC000495,CUST00141,IMPS,197399.05,INR,MOBILE,MERCH0081,TRAVEL,2026-02-25 11:46:40
TXN0000416,ACC000044,CUST00125,NEFT,212877.14,USD,POS,MERCH0027,FUEL,2026-05-22 13:46:55
TXN0000417,ACC000263,CUST00124,UPI,196168.46,INR,BRANCH,MERCH0009,ELECTRONICS,2026-02-13 15:46:31
TXN0000418,ACC000618,CUST00275,ATM_WITHDRAWAL,97035.08,INR,BRANCH,MERCH0048,RESTAURANT,2026-09-09 17:45:46
TXN0000419,ACC000010,CUST00113,ATM_WITHDRAWAL,116072.18,INR,ATM,MERCH0068,FUEL,2026-08-14 12:05:47
TXN0000420,ACC000398,CUST00194,CARD_PURCHASE,178915.31,INR,ATM,MERCH0075,RESTAURANT,2026-01-02 17:06:59
TXN0000421,ACC000306,CUST00464,ATM_WITHDRAWAL,162437.82,INR,WEB,MERCH0058,ELECTRONICS,2026-05-21 06:06:06
TXN0000422,ACC000101,CUST00308,CARD_PURCHASE,54656.25,INR,POS,MERCH0074,ELECTRONICS,2026-01-24 10:03:43
TXN0000423,ACC000372,CUST00011,IMPS,63639.77,INR,MOBILE,MERCH0038,RESTAURANT,2025-10-02 18:52:59
TXN0000424,ACC000458,CUST00130,ATM_WITHDRAWAL,87900.22,INR,POS,MERCH0066,PHARMACY,2026-07-22 22:02:33
TXN0000425,ACC000222,CUST00363,IMPS,106531.32,INR,POS,MERCH0048,RESTAURANT,2025-10-01 18:12:02
TXN0000426,ACC000175,CUST00104,IMPS,68262.14,INR,POS,MERCH0030,TRAVEL,2026-01-28 12:00:57
TXN0000427,ACC000141,CUST00297,UPI,89779.64,INR,BRANCH,MERCH0066,PHARMACY,2025-10-02 19:03:26
TXN0000428,ACC000122,CUST00094,UPI,196470.47,INR,MOBILE,MERCH0016,GROCERY,2026-09-01 21:51:15
TXN0000429,ACC000533,CUST00484,IMPS,9579.96,INR,WEB,MERCH0087,TRAVEL,2026-03-23 10:50:48
TXN0000430,ACC000093,CUST00454,IMPS,75685.87,INR,ATM,MERCH0025,FUEL,2025-10-05 00:25:35
TXN0000431,ACC000357,CUST00389,ATM_WITHDRAWAL,249498.95,EUR,BRANCH,MERCH0117,TRAVEL,2026-07-04 03:41:07
TXN0000432,ACC000664,CUST00055,UPI,192521.32,INR,ATM,MERCH0101,RESTAURANT,2026-08-26 09:20:20
TXN0000433,ACC000444,CUST00249,CARD_PURCHASE,205467.11,INR,MOBILE,MERCH0061,FUEL,2025-11-16 18:48:03
TXN0000434,ACC000124,CUST00346,ATM_WITHDRAWAL,247318.76,INR,POS,MERCH0030,ELECTRONICS,2026-09-11 12:36:05
TXN0000435,ACC000318,CUST00358,NEFT,118614.82,INR,BRANCH,MERCH0097,RESTAURANT,2026-02-27 01:03:38
TXN0000436,ACC000009,CUST00131,CARD_PURCHASE,85171.49,INR,WEB,MERCH0055,FUEL,2025-10-09 18:51:12
TXN0000437,ACC000357,CUST00389,CARD_PURCHASE,52404.09,INR,BRANCH,MERCH0004,TRAVEL,2026-04-19 05:43:04
TXN0000438,ACC000261,CUST00164,NEFT,144381.34,INR,MOBILE,MERCH0064,FUEL,2026-02-15 03:41:04
TXN0000439,ACC000361,CUST00330,IMPS,84962.16,INR,POS,MERCH0098,FUEL,2026-07-14 20:29:01
TXN0000440,ACC000649,CUST00141,ATM_WITHDRAWAL,74916.31,INR,BRANCH,MERCH0101,GROCERY,2026-05-12 03:56:28
TXN0000441,ACC000504,CUST00378,NEFT,38431.27,INR,ATM,MERCH0073,FUEL,2026-06-29 07:50:49
TXN0000442,ACC000472,CUST00433,ATM_WITHDRAWAL,228438.91,INR,POS,MERCH0049,ELECTRONICS,2026-04-13 16:42:32
TXN0000443,ACC000390,CUST00041,CARD_PURCHASE,15936.67,INR,POS,MERCH0014,TRAVEL,2025-11-26 15:32:27
TXN0000444,ACC000656,CUST00152,ATM_WITHDRAWAL,240484.92,INR,ATM,MERCH0012,ELECTRONICS,2025-11-22 03:43:21
TXN0000445,ACC000601,CUST00316,UPI,168724.64,INR,BRANCH,MERCH0063,GROCERY,2025-10-30 14:35:20
TXN0000446,ACC000071,CUST00099,NEFT,49757.69,INR,POS,MERCH0037,ELECTRONICS,2025-09-27 12:41:01
TXN0000447,ACC000224,CUST00244,NEFT,72783.47,INR,POS,MERCH0008,TRAVEL,2026-02-04 03:15:13
TXN0000448,ACC000608,CUST00180,ATM_WITHDRAWAL,2771.66,INR,POS,MERCH0051,ELECTRONICS,2026-09-05 03:51:07
TXN0000449,ACC000275,CUST00035,UPI,32293.13,INR,MOBILE,MERCH0050,ELECTRONICS,2025-12-17 05:09:31
TXN0000450,ACC000592,CUST00043,NEFT,217613.56,INR,POS,MERCH0021,PHARMACY,2025-10-27 12:06:15
TXN0000451,ACC000003,CUST00116,ATM_WITHDRAWAL,234789.17,INR,BRANCH,MERCH0092,FUEL,2026-03-03 19:02:21
TXN0000452,ACC000084,CUST00045,CARD_PURCHASE,68867.49,INR,WEB,MERCH0058,GROCERY,2025-10-17 11:38:52
TXN0000453,ACC000661,CUST00304,CARD_PURCHASE,151216.1,INR,ATM,MERCH0117,PHARMACY,2025-11-04 09:11:23
TXN0000454,ACC000604,CUST00157,CARD_PURCHASE,115056.54,INR,MOBILE,MERCH0037,FUEL,2026-03-25 11:11:36
TXN0000455,ACC000634,CUST00418,CARD_PURCHASE,86701.99,INR,ATM,MERCH0051,PHARMACY,2026-03-21 02:16:46
TXN0000456,ACC000458,CUST00130,NEFT,103769.04,INR,BRANCH,MERCH0094,RESTAURANT,2026-03-01 22:14:37
TXN0000457,ACC000082,CUST00096,CARD_PURCHASE,96172.4,INR,BRANCH,MERCH0013,RESTAURANT,2026-08-20 05:15:15
TXN0000458,ACC000372,CUST00011,UPI,59931.42,INR,ATM,MERCH0113,FUEL,2026-09-05 12:45:01
TXN0000459,ACC000610,CUST00235,ATM_WITHDRAWAL,72979.48,INR,WEB,MERCH0117,RESTAURANT,2026-04-18 04:06:26
TXN0000460,ACC000096,CUST00147,CARD_PURCHASE,248097.51,INR,ATM,MERCH0010,GROCERY,2026-03-11 18:25:13
TXN0000461,ACC000493,CUST00054,ATM_WITHDRAWAL,191637.1,INR,POS,MERCH0022,TRAVEL,2025-11-12 22:11:46
TXN0000462,ACC000694,CUST00376,NEFT,126521.08,INR,MOBILE,MERCH0082,FUEL,2026-08-20 12:28:48
TXN0000463,ACC000499,CUST00154,CARD_PURCHASE,95295.08,INR,WEB,MERCH0051,GROCERY,2026-05-14 00:20:28
TXN0000464,ACC000638,CUST00269,UPI,62658.93,INR,WEB,MERCH0042,FUEL,2026-08-02 01:50:10
TXN0000465,ACC000290,CUST00245,CARD_PURCHASE,121194.96,INR,BRANCH,MERCH0085,ELECTRONICS,2026-05-27 01:22:05
TXN0000466,ACC000532,CUST00145,CARD_PURCHASE,35072.54,INR,WEB,MERCH0022,GROCERY,2025-09-22 00:10:23
TXN0000467,ACC000100,CUST00064,ATM_WITHDRAWAL,25137.78,INR,BRANCH,MERCH0095,RESTAURANT,2026-01-20 16:11:36
TXN0000468,ACC000674,CUST00343,NEFT,19405.55,INR,ATM,MERCH0020,RESTAURANT,2026-03-25 16:21:29
TXN0000469,ACC000050,CUST00012,IMPS,44493.28,INR,BRANCH,MERCH0028,RESTAURANT,2026-03-23 01:22:58
TXN0000470,ACC000478,CUST00001,UPI,209126.92,INR,MOBILE,MERCH0050,FUEL,2026-09-06 01:51:05
TXN0000471,ACC000260,CUST00305,IMPS,111002.23,INR,MOBILE,MERCH0099,RESTAURANT,2026-09-07 08:55:34
TXN0000472,ACC000308,CUST00423,NEFT,232205.85,INR,WEB,MERCH0026,GROCERY,2025-12-30 11:34:15
TXN0000473,ACC000007,CUST00431,UPI,105426.47,EUR,ATM,MERCH0106,ELECTRONICS,2025-11-10 12:20:41
TXN0000474,ACC000576,CUST00483,UPI,55149.76,INR,WEB,MERCH0093,ELECTRONICS,2026-01-25 02:52:26
TXN0000475,ACC000059,CUST00071,UPI,103925.85,INR,ATM,MERCH0042,PHARMACY,2026-06-03 15:17:55
TXN0000476,ACC000029,CUST00192,NEFT,156172.09,INR,POS,MERCH0055,GROCERY,2026-04-19 10:28:56
TXN0000477,ACC000413,CUST00440,NEFT,53452.86,INR,WEB,MERCH0002,RESTAURANT,2026-02-10 16:55:30
TXN0000478,ACC000171,CUST00032,IMPS,3005.22,INR,WEB,MERCH0009,FUEL,2026-05-18 00:42:10
TXN0000479,ACC000547,CUST00064,IMPS,162489.75,INR,MOBILE,MERCH0114,ELECTRONICS,2026-06-08 07:41:04
TXN0000480,ACC000622,CUST00062,CARD_PURCHASE,75390.55,INR,MOBILE,MERCH0092,PHARMACY,2026-06-26 21:59:22
TXN0000481,ACC000297,CUST00480,ATM_WITHDRAWAL,42873.06,INR,BRANCH,MERCH0042,FUEL,2025-10-29 03:56:39
TXN0000482,ACC000004,CUST00213,CARD_PURCHASE,169478.35,USD,WEB,MERCH0043,ELECTRONICS,2026-03-26 06:46:16
TXN0000483,ACC000130,CUST00158,IMPS,244505.6,INR,MOBILE,MERCH0043,GROCERY,2026-04-01 02:41:31
TXN0000484,ACC000529,CUST00293,ATM_WITHDRAWAL,228026.69,INR,BRANCH,MERCH0082,FUEL,2026-07-09 12:00:47
TXN0000485,ACC000051,CUST00068,NEFT,125859.98,INR,MOBILE,MERCH0030,GROCERY,2026-08-10 11:45:41
TXN0000486,ACC000535,CUST00108,ATM_WITHDRAWAL,189737.67,INR,WEB,MERCH0095,RESTAURANT,2026-08-18 14:22:08
TXN0000487,ACC000086,CUST00290,NEFT,154945.36,INR,ATM,MERCH0064,TRAVEL,2026-05-01 13:47:08
TXN0000488,ACC000197,CUST00322,NEFT,37926.13,INR,MOBILE,MERCH0031,FUEL,2025-12-06 22:58:32
TXN0000489,ACC000686,CUST00121,ATM_WITHDRAWAL,247137.96,INR,ATM,MERCH0018,TRAVEL,2025-11-09 14:17:44
TXN0000490,ACC000119,CUST00225,IMPS,160904.08,INR,BRANCH,MERCH0102,RESTAURANT,2025-12-15 21:34:30
TXN0000491,ACC000407,CUST00367,IMPS,187640.22,INR,ATM,MERCH0044,ELECTRONICS,2026-04-09 15:06:58
TXN0000492,ACC000673,CUST00195,NEFT,134832.54,INR,WEB,MERCH0103,FUEL,2025-11-11 03:20:30
TXN0000493,ACC000252,CUST00003,NEFT,152019.72,INR,ATM,MERCH0024,RESTAURANT,2026-07-31 12:45:42
TXN0000494,ACC000409,CUST00119,UPI,16163.57,INR,WEB,MERCH0007,FUEL,2025-11-16 02:32:02
TXN0000495,ACC000324,CUST00141,NEFT,234569.25,INR,WEB,MERCH0076,PHARMACY,2025-12-18 07:44:33
TXN0000496,ACC000497,CUST00276,NEFT,59085.17,INR,POS,MERCH0040,ELECTRONICS,2026-06-04 17:43:44
TXN0000497,ACC000101,CUST00308,NEFT,61238.79,INR,WEB,MERCH0039,TRAVEL,2025-10-23 15:30:14
TXN0000498,ACC000470,CUST00296,ATM_WITHDRAWAL,112073.32,INR,ATM,MERCH0111,RESTAURANT,2026-07-07 08:26:08
TXN0000499,ACC000578,CUST00340,UPI,237753.79,INR,POS,MERCH0022,RESTAURANT,2025-10-28 12:56:47
TXN0000500,ACC000118,CUST00333,CARD_PURCHASE,105680.09,INR,POS,MERCH0098,ELECTRONICS,2026-06-27 06:52:12
TXN0000501,ACC000383,CUST00201,CARD_PURCHASE,4962.57,INR,MOBILE,MERCH0098,TRAVEL,2026-02-25 13:29:42
TXN0000502,ACC000689,CUST00185,ATM_WITHDRAWAL,134304.05,INR,WEB,MERCH0033,RESTAURANT,2026-01-09 08:40:18
TXN0000503,ACC000096,CUST00147,CARD_PURCHASE,76468.76,INR,BRANCH,MERCH0078,RESTAURANT,2026-09-01 04:07:17
TXN0000504,ACC000309,CUST00180,UPI,83315.2,INR,WEB,MERCH0020,ELECTRONICS,2026-05-18 13:47:54
TXN0000505,ACC000075,CUST00184,UPI,3218.44,INR,ATM,MERCH0063,RESTAURANT,2025-11-01 14:14:42
TXN0000506,ACC000603,CUST00062,CARD_PURCHASE,235071.84,USD,ATM,MERCH0050,RESTAURANT,2025-12-27 17:33:15
TXN0000507,ACC000013,CUST00403,IMPS,160265.77,INR,POS,MERCH0114,GROCERY,2025-12-18 14:00:07
TXN0000508,ACC000049,CUST00094,UPI,96212.65,INR,WEB,MERCH0098,RESTAURANT,2025-12-28 01:52:03
TXN0000509,ACC000519,CUST00172,IMPS,192819.88,INR,ATM,MERCH0066,FUEL,2025-12-02 10:17:35
TXN0000510,ACC000342,CUST00184,CARD_PURCHASE,158748.59,INR,MOBILE,MERCH0084,RESTAURANT,2026-07-02 05:49:21
TXN0000511,ACC000543,CUST00493,CARD_PURCHASE,183918.69,INR,MOBILE,MERCH0118,TRAVEL,2026-06-04 19:12:54
TXN0000512,ACC000513,CUST00189,UPI,174370.88,INR,ATM,MERCH0078,RESTAURANT,2026-01-16 15:58:42
TXN0000513,ACC000221,CUST00433,NEFT,63579.47,INR,WEB,MERCH0002,GROCERY,2026-01-27 08:27:40
TXN0000514,ACC000691,CUST00038,UPI,161102.9,INR,POS,MERCH0091,PHARMACY,2026-06-24 15:25:07
TXN0000515,ACC000011,CUST00460,UPI,129639.08,INR,POS,MERCH0022,RESTAURANT,2026-03-20 04:59:22
TXN0000516,ACC000416,CUST00331,IMPS,172962.28,INR,BRANCH,MERCH0085,RESTAURANT,2026-06-08 06:58:48
TXN0000517,ACC000204,CUST00019,ATM_WITHDRAWAL,77001.64,INR,MOBILE,MERCH0014,FUEL,2026-05-09 03:57:33
TXN0000518,ACC000289,CUST00317,ATM_WITHDRAWAL,194175.01,INR,WEB,MERCH0035,FUEL,2026-04-11 15:25:27
TXN0000519,ACC000679,CUST00397,NEFT,232504.92,INR,ATM,MERCH0001,ELECTRONICS,2026-04-10 11:20:42
TXN0000520,ACC000225,CUST00137,CARD_PURCHASE,404.63,INR,POS,MERCH0068,RESTAURANT,2026-05-03 21:02:04
TXN0000521,ACC000268,CUST00093,IMPS,183263.23,INR,ATM,MERCH0024,FUEL,2026-08-30 21:02:10
TXN0000522,ACC000008,CUST00276,NEFT,49513.15,INR,MOBILE,MERCH0058,PHARMACY,2026-01-03 07:30:45
TXN0000523,ACC000540,CUST00055,NEFT,46417.65,INR,WEB,MERCH0104,ELECTRONICS,2026-07-13 20:10:08
TXN0000524,ACC000170,CUST00373,IMPS,245736.95,INR,POS,MERCH0081,PHARMACY,2026-09-06 01:41:39
TXN0000525,ACC000679,CUST00397,UPI,217091.81,INR,ATM,MERCH0011,RESTAURANT,2025-11-11 21:02:46
TXN0000526,ACC000366,CUST00371,UPI,69197.78,INR,BRANCH,MERCH0031,RESTAURANT,2026-01-27 02:06:25
TXN0000527,ACC000026,CUST00113,CARD_PURCHASE,168204.42,INR,MOBILE,MERCH0035,GROCERY,2026-03-04 14:58:03
TXN0000528,ACC000309,CUST00180,ATM_WITHDRAWAL,197303.9,INR,WEB,MERCH0067,GROCERY,2026-02-14 06:33:47
TXN0000529,ACC000251,CUST00371,CARD_PURCHASE,150750.19,EUR,ATM,MERCH0120,RESTAURANT,2026-06-05 12:17:41
TXN0000530,ACC000247,CUST00222,CARD_PURCHASE,189230.34,INR,ATM,MERCH0048,FUEL,2025-11-17 03:00:18
TXN0000531,ACC000218,CUST00357,IMPS,249861.29,INR,ATM,MERCH0086,RESTAURANT,2026-05-04 17:33:12
TXN0000532,ACC000615,CUST00205,CARD_PURCHASE,152706.16,USD,ATM,MERCH0104,GROCERY,2026-07-04 17:17:20
TXN0000533,ACC000670,CUST00388,UPI,114235.25,INR,WEB,MERCH0004,PHARMACY,2026-09-19 16:46:41
TXN0000534,ACC000365,CUST00312,UPI,217252.63,INR,WEB,MERCH0048,RESTAURANT,2026-08-18 02:59:50
TXN0000535,ACC000075,CUST00184,ATM_WITHDRAWAL,171549.36,INR,BRANCH,MERCH0053,FUEL,2025-10-05 00:27:00
TXN0000536,ACC000199,CUST00081,NEFT,792.25,INR,ATM,MERCH0003,FUEL,2026-07-09 04:42:55
TXN0000537,ACC000073,CUST00429,IMPS,218359.89,USD,ATM,MERCH0087,RESTAURANT,2026-09-08 14:06:52
TXN0000538,ACC000417,CUST00089,NEFT,151694.69,INR,BRANCH,MERCH0102,GROCERY,2026-07-29 07:51:24
TXN0000539,ACC000439,CUST00101,IMPS,106984.79,INR,POS,MERCH0085,FUEL,2026-02-18 06:11:13
TXN0000540,ACC000027,CUST00039,UPI,183572.09,INR,WEB,MERCH0092,ELECTRONICS,2026-05-25 02:59:52
TXN0000541,ACC000655,CUST00377,ATM_WITHDRAWAL,219059.74,INR,BRANCH,MERCH0005,ELECTRONICS,2025-10-10 09:00:41
TXN0000542,ACC000352,CUST00031,CARD_PURCHASE,199207.22,INR,BRANCH,MERCH0112,RESTAURANT,2026-07-27 03:52:47
TXN0000543,ACC000140,CUST00142,NEFT,224103.18,INR,POS,MERCH0085,PHARMACY,2025-12-07 13:58:22
TXN0000544,ACC000116,CUST00447,NEFT,60846.57,INR,MOBILE,MERCH0014,RESTAURANT,2025-12-01 11:25:03
TXN0000545,ACC000078,CUST00229,UPI,40067.22,INR,POS,MERCH0099,TRAVEL,2025-09-27 06:56:07
TXN0000546,ACC000119,CUST00225,NEFT,179796.55,INR,MOBILE,MERCH0086,ELECTRONICS,2025-11-16 05:52:45
TXN0000547,ACC000338,CUST00320,ATM_WITHDRAWAL,158390.71,INR,ATM,MERCH0112,ELECTRONICS,2026-05-26 04:38:01
TXN0000548,ACC000208,CUST00435,ATM_WITHDRAWAL,191586.68,INR,ATM,MERCH0049,FUEL,2025-10-04 23:24:47
TXN0000549,ACC000251,CUST00371,CARD_PURCHASE,163483.37,INR,POS,MERCH0104,ELECTRONICS,2026-08-12 03:44:40
TXN0000550,ACC000285,CUST00242,NEFT,64780.9,INR,MOBILE,MERCH0012,TRAVEL,2026-07-27 09:15:40
TXN0000551,ACC000130,CUST00158,ATM_WITHDRAWAL,234303.29,INR,MOBILE,MERCH0074,TRAVEL,2025-12-23 02:10:38
TXN0000552,ACC000528,CUST00361,NEFT,213334.04,INR,BRANCH,MERCH0095,GROCERY,2025-11-23 14:19:36
TXN0000553,ACC000598,CUST00374,IMPS,15480.62,INR,POS,MERCH0055,TRAVEL,2026-02-22 19:33:07
TXN0000554,ACC000624,CUST00298,IMPS,199381.56,INR,WEB,MERCH0067,FUEL,2026-01-24 23:40:00
TXN0000555,ACC000391,CUST00273,ATM_WITHDRAWAL,147698.09,INR,MOBILE,MERCH0069,RESTAURANT,2025-09-26 06:36:56
TXN0000556,ACC000192,CUST00350,IMPS,36183.75,INR,WEB,MERCH0064,FUEL,2026-05-01 21:40:55
TXN0000557,ACC000018,CUST00201,CARD_PURCHASE,36864.87,INR,MOBILE,MERCH0077,TRAVEL,2026-03-27 10:36:28
TXN0000558,ACC000250,CUST00100,IMPS,125599.47,INR,ATM,MERCH0109,FUEL,2026-03-28 15:12:29
TXN0000559,ACC000198,CUST00239,ATM_WITHDRAWAL,119575.9,INR,POS,MERCH0038,FUEL,2026-08-20 19:36:30
TXN0000560,ACC000600,CUST00323,CARD_PURCHASE,14712.56,INR,WEB,MERCH0106,FUEL,2026-02-02 06:50:38
TXN0000561,ACC000414,CUST00190,NEFT,212019.01,INR,WEB,MERCH0090,FUEL,2025-12-03 15:23:16
TXN0000562,ACC000253,CUST00089,UPI,230790.23,INR,POS,MERCH0094,RESTAURANT,2026-05-23 21:28:34
TXN0000563,ACC000553,CUST00298,IMPS,246097.54,INR,WEB,MERCH0003,PHARMACY,2026-08-25 10:00:55
TXN0000564,ACC000008,CUST00276,CARD_PURCHASE,84359.16,INR,ATM,MERCH0097,RESTAURANT,2026-08-05 00:20:28
TXN0000565,ACC000518,CUST00458,CARD_PURCHASE,17965.09,INR,ATM,MERCH0090,ELECTRONICS,2026-05-03 21:21:17
TXN0000566,ACC000031,CUST00090,ATM_WITHDRAWAL,98449.18,INR,BRANCH,MERCH0111,GROCERY,2026-02-26 06:26:35
TXN0000567,ACC000161,CUST00054,IMPS,114388.55,INR,WEB,MERCH0057,FUEL,2026-03-16 07:21:46
TXN0000568,ACC000466,CUST00347,CARD_PURCHASE,72777.48,INR,WEB,MERCH0103,FUEL,2025-12-14 03:51:56
TXN0000569,ACC000335,CUST00348,NEFT,183832.37,INR,BRANCH,MERCH0014,FUEL,2026-03-16 17:31:03
TXN0000570,ACC000222,CUST00363,NEFT,94145.18,USD,WEB,MERCH0119,GROCERY,2026-05-21 00:30:00
TXN0000571,ACC000494,CUST00066,UPI,88902.41,INR,MOBILE,MERCH0016,PHARMACY,2026-01-01 18:57:50
TXN0000572,ACC000573,CUST00299,IMPS,148352.16,USD,POS,MERCH0032,GROCERY,2026-04-21 17:24:44
TXN0000573,ACC000603,CUST00062,UPI,60221.45,INR,BRANCH,MERCH0023,FUEL,2026-03-11 13:16:03
TXN0000574,ACC000540,CUST00055,CARD_PURCHASE,193964.69,EUR,MOBILE,MERCH0100,RESTAURANT,2025-11-06 11:36:03
TXN0000575,ACC000635,CUST00135,CARD_PURCHASE,68811.26,INR,ATM,MERCH0002,GROCERY,2026-07-08 00:58:54
TXN0000576,ACC000199,CUST00081,UPI,20668.42,INR,BRANCH,MERCH0029,GROCERY,2026-01-08 04:45:37
TXN0000577,ACC000535,CUST00108,ATM_WITHDRAWAL,143249.75,INR,ATM,MERCH0089,FUEL,2026-06-03 06:46:54
TXN0000578,ACC000041,CUST00027,UPI,198587.99,INR,POS,MERCH0083,FUEL,2026-07-17 04:29:21
TXN0000579,ACC000617,CUST00053,CARD_PURCHASE,74597.85,INR,ATM,MERCH0009,FUEL,2026-04-09 12:51:00
TXN0000580,ACC000050,CUST00012,ATM_WITHDRAWAL,46230.61,INR,MOBILE,MERCH0051,PHARMACY,2026-09-15 12:41:07
TXN0000581,ACC000288,CUST00363,ATM_WITHDRAWAL,195870.8,INR,MOBILE,MERCH0067,PHARMACY,2026-01-30 17:46:49
TXN0000582,ACC000090,CUST00049,ATM_WITHDRAWAL,178440.14,INR,MOBILE,MERCH0097,ELECTRONICS,2026-01-30 16:53:16
TXN0000583,ACC000173,CUST00070,UPI,45174.24,INR,WEB,MERCH0001,PHARMACY,2026-09-03 08:24:01
TXN0000584,ACC000473,CUST00443,CARD_PURCHASE,200130.24,INR,WEB,MERCH0074,ELECTRONICS,2025-12-03 02:04:11
TXN0000585,ACC000522,CUST00212,NEFT,21964.35,INR,MOBILE,MERCH0011,GROCERY,2025-12-29 20:52:13
TXN0000586,ACC000048,CUST00495,ATM_WITHDRAWAL,74651.49,USD,WEB,MERCH0055,FUEL,2026-02-01 03:38:20
TXN0000587,ACC000408,CUST00472,UPI,62091.79,INR,BRANCH,MERCH0116,TRAVEL,2026-08-01 03:07:30
TXN0000588,ACC000075,CUST00184,ATM_WITHDRAWAL,111235.62,INR,ATM,MERCH0067,TRAVEL,2026-08-26 08:48:25
TXN0000589,ACC000346,CUST00075,ATM_WITHDRAWAL,134556.99,INR,MOBILE,MERCH0085,GROCERY,2026-03-29 23:55:35
TXN0000590,ACC000057,CUST00364,NEFT,9193.12,INR,WEB,MERCH0018,PHARMACY,2026-07-18 13:04:52
TXN0000591,ACC000653,CUST00203,ATM_WITHDRAWAL,54017.83,INR,WEB,MERCH0094,PHARMACY,2026-04-22 21:34:24
TXN0000592,ACC000407,CUST00367,CARD_PURCHASE,18599.17,INR,POS,MERCH0084,ELECTRONICS,2026-03-17 22:37:14
TXN0000593,ACC000323,CUST00181,CARD_PURCHASE,114022.38,INR,POS,MERCH0089,ELECTRONICS,2026-06-06 07:22:02
TXN0000594,ACC000455,CUST00056,ATM_WITHDRAWAL,50948.69,INR,ATM,MERCH0082,FUEL,2025-10-29 04:55:27
TXN0000595,ACC000020,CUST00067,NEFT,178614.1,INR,BRANCH,MERCH0078,ELECTRONICS,2026-06-08 03:46:36
TXN0000596,ACC000076,CUST00389,CARD_PURCHASE,205393.74,INR,POS,MERCH0049,GROCERY,2026-08-20 05:56:37
TXN0000597,ACC000111,CUST00388,ATM_WITHDRAWAL,61881.95,INR,BRANCH,MERCH0015,FUEL,2026-02-01 16:36:49
TXN0000598,ACC000109,CUST00457,ATM_WITHDRAWAL,101701.25,INR,MOBILE,MERCH0047,TRAVEL,2026-07-15 03:37:58
TXN0000599,ACC000146,CUST00008,IMPS,36590.94,INR,ATM,MERCH0002,GROCERY,2026-04-11 07:33:27
TXN0000600,ACC000154,CUST00281,CARD_PURCHASE,244871.51,INR,MOBILE,MERCH0101,GROCERY,2026-01-01 19:30:40
TXN0000601,ACC000349,CUST00098,NEFT,131623.65,INR,BRANCH,MERCH0106,RESTAURANT,2025-10-16 05:44:50
TXN0000602,ACC000645,CUST00329,UPI,132244.74,INR,ATM,MERCH0071,TRAVEL,2026-07-22 09:47:21
TXN0000603,ACC000439,CUST00101,ATM_WITHDRAWAL,24775.55,INR,ATM,MERCH0097,RESTAURANT,2026-02-10 15:25:45
TXN0000604,ACC000674,CUST00343,NEFT,86299.77,INR,BRANCH,MERCH0071,PHARMACY,2026-03-06 08:51:02
TXN0000605,ACC000367,CUST00496,CARD_PURCHASE,119220.7,INR,MOBILE,MERCH0088,PHARMACY,2026-05-29 04:02:56
TXN0000606,ACC000362,CUST00450,NEFT,164394.16,INR,BRANCH,MERCH0095,TRAVEL,2025-10-01 14:19:21
TXN0000607,ACC000181,CUST00126,UPI,229611.23,INR,ATM,MERCH0091,ELECTRONICS,2026-04-20 17:32:43
TXN0000608,ACC000007,CUST00431,ATM_WITHDRAWAL,104566.75,INR,POS,MERCH0046,RESTAURANT,2025-11-09 17:58:44
TXN0000609,ACC000020,CUST00067,ATM_WITHDRAWAL,71712.05,INR,BRANCH,MERCH0092,ELECTRONICS,2025-10-28 11:01:46
TXN0000610,ACC000367,CUST00496,IMPS,158912.46,INR,ATM,MERCH0053,TRAVEL,2025-12-18 22:24:22
TXN0000611,ACC000245,CUST00463,UPI,158672.82,INR,WEB,MERCH0012,ELECTRONICS,2026-03-18 09:02:09
TXN0000612,ACC000077,CUST00176,ATM_WITHDRAWAL,14362.31,INR,BRANCH,MERCH0119,RESTAURANT,2026-08-10 02:20:04
TXN0000613,ACC000406,CUST00452,UPI,240541.96,INR,BRANCH,MERCH0120,FUEL,2025-11-03 21:19:07
TXN0000614,ACC000431,CUST00155,NEFT,119919.19,INR,BRANCH,MERCH0090,GROCERY,2025-11-07 10:31:01
TXN0000615,ACC000503,CUST00120,CARD_PURCHASE,3484.93,INR,MOBILE,MERCH0092,RESTAURANT,2026-04-23 12:09:02
TXN0000616,ACC000565,CUST00229,ATM_WITHDRAWAL,187419.49,INR,BRANCH,MERCH0088,PHARMACY,2026-06-25 12:14:57
TXN0000617,ACC000617,CUST00053,UPI,151847.31,USD,BRANCH,MERCH0116,ELECTRONICS,2026-01-14 13:41:46
TXN0000618,ACC000631,CUST00424,NEFT,18789.84,INR,BRANCH,MERCH0046,GROCERY,2025-11-09 18:38:29
TXN0000619,ACC000429,CUST00329,CARD_PURCHASE,123882.01,INR,MOBILE,MERCH0044,FUEL,2026-08-26 21:15:21
TXN0000620,ACC000331,CUST00073,NEFT,207933.28,INR,MOBILE,MERCH0038,TRAVEL,2026-02-03 17:32:24
TXN0000621,ACC000030,CUST00195,CARD_PURCHASE,73393.32,INR,BRANCH,MERCH0051,ELECTRONICS,2026-01-18 23:10:40
TXN0000622,ACC000366,CUST00371,IMPS,232277.96,INR,BRANCH,MERCH0106,GROCERY,2026-03-16 11:39:25
TXN0000623,ACC000133,CUST00334,CARD_PURCHASE,223124.55,INR,MOBILE,MERCH0046,GROCERY,2026-03-10 02:47:28
TXN0000624,ACC000585,CUST00441,ATM_WITHDRAWAL,115093.87,INR,MOBILE,MERCH0001,TRAVEL,2026-04-24 14:33:48
TXN0000625,ACC000208,CUST00435,NEFT,100523.0,INR,POS,MERCH0063,ELECTRONICS,2026-09-21 14:40:30
TXN0000626,ACC000380,CUST00407,UPI,132278.85,INR,POS,MERCH0016,RESTAURANT,2025-10-23 22:45:28
TXN0000627,ACC000691,CUST00038,UPI,38916.04,INR,WEB,MERCH0061,RESTAURANT,2026-08-24 10:10:11
TXN0000628,ACC000055,CUST00113,IMPS,74828.25,INR,WEB,MERCH0069,TRAVEL,2026-04-05 17:48:47
TXN0000629,ACC000169,CUST00186,UPI,247342.42,INR,POS,MERCH0021,ELECTRONICS,2025-12-01 15:31:04
TXN0000630,ACC000003,CUST00116,IMPS,186775.3,INR,WEB,MERCH0015,ELECTRONICS,2026-02-23 02:57:26
TXN0000631,ACC000591,CUST00260,IMPS,10073.67,INR,ATM,MERCH0116,GROCERY,2026-08-06 04:38:57
TXN0000632,ACC000062,CUST00302,NEFT,166554.54,INR,ATM,MERCH0016,RESTAURANT,2026-08-31 16:03:49
TXN0000633,ACC000093,CUST00454,CARD_PURCHASE,137535.42,INR,WEB,MERCH0042,RESTAURANT,2026-04-08 03:25:24
TXN0000634,ACC000314,CUST00268,ATM_WITHDRAWAL,181501.38,INR,POS,MERCH0017,GROCERY,2025-12-06 09:50:30
TXN0000635,ACC000436,CUST00343,UPI,198180.31,INR,ATM,MERCH0065,GROCERY,2025-11-15 18:15:55
TXN0000636,ACC000213,CUST00237,NEFT,13019.44,INR,POS,MERCH0077,FUEL,2026-08-13 22:56:02
TXN0000637,ACC000055,CUST00113,UPI,108587.79,INR,POS,MERCH0011,RESTAURANT,2026-06-13 00:51:36
TXN0000638,ACC000226,CUST00274,NEFT,154407.11,INR,WEB,MERCH0032,TRAVEL,2025-12-16 21:18:18
TXN0000639,ACC000332,CUST00274,UPI,216043.06,EUR,WEB,MERCH0086,RESTAURANT,2026-07-20 01:27:55
TXN0000640,ACC000461,CUST00044,NEFT,118478.47,INR,MOBILE,MERCH0090,FUEL,2025-09-28 05:16:54
TXN0000641,ACC000684,CUST00086,ATM_WITHDRAWAL,152779.0,INR,BRANCH,MERCH0081,FUEL,2025-12-07 21:15:07
TXN0000642,ACC000343,CUST00434,NEFT,57353.75,INR,MOBILE,MERCH0036,ELECTRONICS,2026-07-03 13:20:43
TXN0000643,ACC000181,CUST00126,NEFT,106581.48,INR,MOBILE,MERCH0111,GROCERY,2026-07-07 21:34:59
TXN0000644,ACC000383,CUST00201,CARD_PURCHASE,101830.22,INR,WEB,MERCH0029,TRAVEL,2026-02-06 04:22:28
TXN0000645,ACC000508,CUST00350,CARD_PURCHASE,119804.02,INR,MOBILE,MERCH0039,GROCERY,2026-04-13 20:09:30
TXN0000646,ACC000264,CUST00200,IMPS,90900.4,INR,POS,MERCH0032,TRAVEL,2026-05-13 02:34:46
TXN0000647,ACC000179,CUST00152,UPI,45446.09,INR,ATM,MERCH0028,TRAVEL,2026-07-21 14:59:36
TXN0000648,ACC000032,CUST00090,CARD_PURCHASE,70047.04,INR,POS,MERCH0024,TRAVEL,2025-11-19 16:03:26
TXN0000649,ACC000217,CUST00497,CARD_PURCHASE,90901.67,INR,MOBILE,MERCH0086,GROCERY,2026-04-28 07:53:49
TXN0000650,ACC000517,CUST00237,ATM_WITHDRAWAL,192618.21,INR,ATM,MERCH0095,TRAVEL,2026-08-21 16:32:25
TXN0000651,ACC000170,CUST00373,ATM_WITHDRAWAL,132220.23,INR,ATM,MERCH0027,PHARMACY,2026-04-15 18:38:21
TXN0000652,ACC000625,CUST00116,CARD_PURCHASE,21816.92,INR,BRANCH,MERCH0016,GROCERY,2026-04-13 15:13:24
TXN0000653,ACC000439,CUST00101,ATM_WITHDRAWAL,242082.86,INR,WEB,MERCH0025,FUEL,2025-10-09 23:28:27
TXN0000654,ACC000246,CUST00162,CARD_PURCHASE,231375.9,INR,BRANCH,MERCH0080,TRAVEL,2026-07-29 12:24:39
TXN0000655,ACC000061,CUST00451,IMPS,181340.41,EUR,WEB,MERCH0069,FUEL,2026-04-16 18:49:25
TXN0000656,ACC000234,CUST00211,NEFT,10962.34,INR,BRANCH,MERCH0092,TRAVEL,2026-02-09 13:38:51
TXN0000657,ACC000068,CUST00471,ATM_WITHDRAWAL,243781.79,INR,POS,MERCH0081,FUEL,2026-04-19 05:33:10
TXN0000658,ACC000480,CUST00288,UPI,227713.19,INR,POS,MERCH0068,PHARMACY,2025-12-20 05:09:01
TXN0000659,ACC000490,CUST00110,UPI,41742.11,INR,WEB,MERCH0038,GROCERY,2026-06-18 03:09:03
TXN0000660,ACC000483,CUST00176,ATM_WITHDRAWAL,15207.74,USD,WEB,MERCH0095,RESTAURANT,2026-04-15 21:30:53
TXN0000661,ACC000587,CUST00347,CARD_PURCHASE,171176.72,INR,MOBILE,MERCH0022,RESTAURANT,2025-11-25 11:42:07
TXN0000662,ACC000580,CUST00464,ATM_WITHDRAWAL,96043.76,INR,POS,MERCH0078,TRAVEL,2026-02-14 03:46:49
TXN0000663,ACC000623,CUST00432,NEFT,46024.74,INR,WEB,MERCH0076,FUEL,2025-11-22 09:06:09
TXN0000664,ACC000547,CUST00064,UPI,219789.96,INR,POS,MERCH0065,FUEL,2025-10-30 14:48:06
TXN0000665,ACC000556,CUST00351,ATM_WITHDRAWAL,64716.07,INR,ATM,MERCH0091,TRAVEL,2026-06-12 23:12:21
TXN0000666,ACC000176,CUST00179,ATM_WITHDRAWAL,29784.66,INR,BRANCH,MERCH0031,TRAVEL,2025-11-25 01:16:55
TXN0000667,ACC000388,CUST00099,UPI,159907.44,INR,ATM,MERCH0119,ELECTRONICS,2026-05-26 07:12:45
TXN0000668,ACC000654,CUST00343,IMPS,218346.98,INR,WEB,MERCH0106,ELECTRONICS,2026-05-26 01:40:09
TXN0000669,ACC000671,CUST00272,ATM_WITHDRAWAL,29055.05,INR,BRANCH,MERCH0048,TRAVEL,2026-08-21 07:21:21
TXN0000670,ACC000420,CUST00497,UPI,236607.49,INR,ATM,MERCH0093,ELECTRONICS,2026-05-19 19:20:31
TXN0000671,ACC000563,CUST00478,CARD_PURCHASE,224584.96,INR,MOBILE,MERCH0081,GROCERY,2025-12-18 14:19:11
TXN0000672,ACC000550,CUST00217,IMPS,54827.71,USD,WEB,MERCH0033,GROCERY,2026-08-15 05:00:08
TXN0000673,ACC000496,CUST00144,ATM_WITHDRAWAL,164332.83,INR,BRANCH,MERCH0014,FUEL,2026-09-18 03:43:24
TXN0000674,ACC000577,CUST00362,CARD_PURCHASE,236414.62,INR,BRANCH,MERCH0071,ELECTRONICS,2026-07-10 10:14:44
TXN0000675,ACC000066,CUST00151,CARD_PURCHASE,55167.55,INR,BRANCH,MERCH0081,RESTAURANT,2026-06-26 19:51:07
TXN0000676,ACC000301,CUST00157,NEFT,111519.52,INR,POS,MERCH0048,ELECTRONICS,2025-11-19 18:39:57
TXN0000677,ACC000636,CUST00307,CARD_PURCHASE,23431.83,INR,WEB,MERCH0105,ELECTRONICS,2026-04-19 18:16:10
TXN0000678,ACC000006,CUST00198,NEFT,142418.8,INR,WEB,MERCH0083,TRAVEL,2026-05-16 11:56:31
TXN0000679,ACC000480,CUST00288,UPI,77546.95,INR,POS,MERCH0088,PHARMACY,2026-03-05 09:33:37
TXN0000680,ACC000392,CUST00011,NEFT,17372.84,INR,WEB,MERCH0059,FUEL,2026-08-21 01:20:17
TXN0000681,ACC000431,CUST00155,CARD_PURCHASE,25067.45,INR,MOBILE,MERCH0078,GROCERY,2025-12-09 06:03:06
TXN0000682,ACC000129,CUST00249,CARD_PURCHASE,96003.8,INR,MOBILE,MERCH0098,FUEL,2026-01-07 20:31:21
TXN0000683,ACC000256,CUST00177,UPI,33053.44,INR,ATM,MERCH0019,FUEL,2025-10-10 17:20:30
TXN0000684,ACC000032,CUST00090,ATM_WITHDRAWAL,3384.09,USD,MOBILE,MERCH0070,FUEL,2026-02-24 09:51:10
TXN0000685,ACC000327,CUST00193,IMPS,213181.53,INR,WEB,MERCH0062,PHARMACY,2026-01-14 20:59:39
TXN0000686,ACC000325,CUST00434,CARD_PURCHASE,203868.08,INR,POS,MERCH0020,ELECTRONICS,2026-02-20 02:23:21
TXN0000687,ACC000303,CUST00103,UPI,135886.17,INR,BRANCH,MERCH0016,GROCERY,2026-09-06 14:58:17
TXN0000688,ACC000331,CUST00073,UPI,25712.8,INR,BRANCH,MERCH0114,RESTAURANT,2026-04-12 08:29:46
TXN0000689,ACC000178,CUST00427,NEFT,312.59,INR,WEB,MERCH0055,RESTAURANT,2026-03-04 07:54:48
TXN0000690,ACC000118,CUST00333,NEFT,88333.94,INR,POS,MERCH0088,FUEL,2026-09-03 19:44:58
TXN0000691,ACC000298,CUST00049,UPI,122960.23,EUR,WEB,MERCH0014,TRAVEL,2026-03-25 19:10:34
TXN0000692,ACC000135,CUST00031,IMPS,19081.72,INR,ATM,MERCH0119,GROCERY,2026-03-22 11:33:43
TXN0000693,ACC000183,CUST00308,UPI,151130.55,INR,BRANCH,MERCH0043,PHARMACY,2026-01-24 17:58:15
TXN0000694,ACC000316,CUST00162,NEFT,169861.53,INR,ATM,MERCH0080,TRAVEL,2025-11-13 14:10:35
TXN0000695,ACC000148,CUST00016,IMPS,218851.79,INR,POS,MERCH0085,TRAVEL,2026-06-28 22:45:31
TXN0000696,ACC000042,CUST00117,IMPS,202681.75,INR,MOBILE,MERCH0101,GROCERY,2026-09-21 01:34:36
TXN0000697,ACC000057,CUST00364,NEFT,194448.23,INR,WEB,MERCH0050,RESTAURANT,2026-01-16 05:35:11
TXN0000698,ACC000599,CUST00154,CARD_PURCHASE,203664.29,INR,POS,MERCH0094,TRAVEL,2025-09-21 20:44:35
TXN0000699,ACC000204,CUST00019,NEFT,22620.85,EUR,WEB,MERCH0099,RESTAURANT,2025-10-20 19:17:26
TXN0000700,ACC000303,CUST00103,IMPS,79835.75,INR,POS,MERCH0078,FUEL,2025-12-28 08:00:19
TXN0000701,ACC000187,CUST00438,IMPS,34563.94,INR,WEB,MERCH0050,RESTAURANT,2026-06-23 19:39:51
TXN0000702,ACC000544,CUST00405,ATM_WITHDRAWAL,124280.6,INR,BRANCH,MERCH0069,ELECTRONICS,2026-04-25 13:28:53
TXN0000703,ACC000007,CUST00431,CARD_PURCHASE,20913.59,INR,BRANCH,MERCH0074,FUEL,2026-06-08 04:46:42
TXN0000704,ACC000686,CUST00121,NEFT,175776.3,INR,MOBILE,MERCH0027,GROCERY,2026-01-20 17:49:10
TXN0000705,ACC000314,CUST00268,IMPS,139598.03,INR,MOBILE,MERCH0008,TRAVEL,2025-12-11 19:10:58
TXN0000706,ACC000344,CUST00413,IMPS,212189.39,INR,WEB,MERCH0038,RESTAURANT,2026-09-15 04:55:00
TXN0000707,ACC000056,CUST00156,NEFT,208814.73,INR,POS,MERCH0032,ELECTRONICS,2026-07-03 13:47:40
TXN0000708,ACC000213,CUST00237,NEFT,13975.86,INR,WEB,MERCH0049,FUEL,2026-05-17 20:06:51
TXN0000709,ACC000414,CUST00190,UPI,174033.67,INR,MOBILE,MERCH0090,GROCERY,2026-05-10 09:47:16
TXN0000710,ACC000347,CUST00029,ATM_WITHDRAWAL,18451.84,INR,WEB,MERCH0004,ELECTRONICS,2025-10-17 16:12:22
TXN0000711,ACC000429,CUST00329,IMPS,35327.96,INR,MOBILE,MERCH0073,RESTAURANT,2025-10-14 17:26:18
TXN0000712,ACC000416,CUST00331,NEFT,191356.77,INR,WEB,MERCH0096,PHARMACY,2026-07-12 00:08:15
TXN0000713,ACC000105,CUST00355,IMPS,117551.42,INR,POS,MERCH0101,FUEL,2026-02-28 02:25:27
TXN0000714,ACC000044,CUST00125,UPI,71699.4,INR,MOBILE,MERCH0078,ELECTRONICS,2025-11-15 05:10:06
TXN0000715,ACC000370,CUST00207,ATM_WITHDRAWAL,40095.59,INR,POS,MERCH0088,RESTAURANT,2025-11-16 13:40:54
TXN0000716,ACC000011,CUST00460,ATM_WITHDRAWAL,177854.58,INR,BRANCH,MERCH0065,TRAVEL,2026-03-27 12:03:34
TXN0000717,ACC000603,CUST00062,NEFT,105923.33,INR,MOBILE,MERCH0067,RESTAURANT,2026-08-07 03:09:19
TXN0000718,ACC000410,CUST00213,NEFT,185786.25,INR,MOBILE,MERCH0029,RESTAURANT,2025-11-22 23:06:46
TXN0000719,ACC000410,CUST00213,NEFT,205628.02,USD,BRANCH,MERCH0108,GROCERY,2026-07-15 15:58:11
TXN0000720,ACC000355,CUST00310,CARD_PURCHASE,119359.29,INR,POS,MERCH0106,RESTAURANT,2026-08-01 03:07:23
TXN0000721,ACC000520,CUST00299,NEFT,13677.37,INR,POS,MERCH0025,TRAVEL,2025-12-24 21:22:00
TXN0000722,ACC000154,CUST00281,UPI,26108.97,INR,ATM,MERCH0004,ELECTRONICS,2026-02-20 16:03:07
TXN0000723,ACC000269,CUST00303,IMPS,40698.47,INR,WEB,MERCH0077,GROCERY,2026-07-24 02:24:51
TXN0000724,ACC000158,CUST00041,IMPS,46944.07,INR,MOBILE,MERCH0031,TRAVEL,2025-11-22 15:33:49
TXN0000725,ACC000275,CUST00035,UPI,244166.02,INR,BRANCH,MERCH0102,RESTAURANT,2026-05-30 15:23:32
TXN0000726,ACC000275,CUST00035,UPI,12021.74,INR,ATM,MERCH0002,TRAVEL,2026-03-03 10:53:48
TXN0000727,ACC000464,CUST00385,IMPS,239685.17,INR,ATM,MERCH0097,RESTAURANT,2026-02-20 13:49:41
TXN0000728,ACC000578,CUST00340,IMPS,243462.95,INR,MOBILE,MERCH0043,RESTAURANT,2026-05-09 09:50:51
TXN0000729,ACC000658,CUST00410,ATM_WITHDRAWAL,25259.71,INR,WEB,MERCH0004,PHARMACY,2025-12-05 19:47:54
TXN0000730,ACC000012,CUST00177,CARD_PURCHASE,119243.49,INR,MOBILE,MERCH0038,ELECTRONICS,2025-12-27 06:19:05
TXN0000731,ACC000128,CUST00277,NEFT,170596.67,INR,MOBILE,MERCH0092,ELECTRONICS,2026-08-11 17:57:26
TXN0000732,ACC000553,CUST00298,NEFT,201870.93,INR,WEB,MERCH0065,PHARMACY,2026-02-04 19:28:49
TXN0000733,ACC000083,CUST00035,ATM_WITHDRAWAL,162852.21,INR,ATM,MERCH0058,ELECTRONICS,2025-10-19 02:50:59
TXN0000734,ACC000669,CUST00484,IMPS,72717.49,INR,POS,MERCH0006,FUEL,2025-12-18 14:45:47
TXN0000735,ACC000236,CUST00184,CARD_PURCHASE,59785.27,EUR,BRANCH,MERCH0010,ELECTRONICS,2026-01-06 23:59:03
TXN0000736,ACC000027,CUST00039,ATM_WITHDRAWAL,156951.13,INR,MOBILE,MERCH0019,TRAVEL,2025-11-15 06:26:45
TXN0000737,ACC000175,CUST00104,ATM_WITHDRAWAL,216884.74,INR,MOBILE,MERCH0064,GROCERY,2026-09-03 09:26:27
TXN0000738,ACC000005,CUST00470,CARD_PURCHASE,78436.54,INR,WEB,MERCH0009,TRAVEL,2026-02-24 15:08:39
TXN0000739,ACC000675,CUST00208,ATM_WITHDRAWAL,90838.43,INR,WEB,MERCH0091,RESTAURANT,2025-11-08 16:17:03
TXN0000740,ACC000084,CUST00045,IMPS,246535.97,USD,POS,MERCH0084,ELECTRONICS,2026-06-30 16:03:41
TXN0000741,ACC000211,CUST00063,UPI,242920.44,INR,ATM,MERCH0110,TRAVEL,2026-07-05 23:31:52
TXN0000742,ACC000360,CUST00242,CARD_PURCHASE,102264.22,INR,WEB,MERCH0057,TRAVEL,2026-05-07 06:42:29
TXN0000743,ACC000157,CUST00185,ATM_WITHDRAWAL,211210.46,INR,ATM,MERCH0011,FUEL,2026-06-09 19:53:55
TXN0000744,ACC000064,CUST00222,CARD_PURCHASE,126490.55,INR,MOBILE,MERCH0080,FUEL,2025-11-19 16:45:23
TXN0000745,ACC000013,CUST00403,UPI,185263.23,INR,BRANCH,MERCH0002,ELECTRONICS,2025-12-10 15:55:55
TXN0000746,ACC000466,CUST00347,UPI,72672.24,INR,POS,MERCH0110,GROCERY,2026-03-12 22:03:39
TXN0000747,ACC000693,CUST00455,NEFT,97061.87,INR,MOBILE,MERCH0045,RESTAURANT,2025-11-16 00:47:24
TXN0000748,ACC000444,CUST00249,CARD_PURCHASE,160624.7,INR,POS,MERCH0014,GROCERY,2026-06-09 19:09:36
TXN0000749,ACC000512,CUST00269,NEFT,182947.21,INR,POS,MERCH0099,RESTAURANT,2026-01-06 17:00:59
TXN0000750,ACC000214,CUST00196,NEFT,100386.1,INR,ATM,MERCH0078,RESTAURANT,2026-07-14 02:36:34
TXN0000751,ACC000439,CUST00101,NEFT,175575.69,INR,ATM,MERCH0059,GROCERY,2026-01-26 21:41:01
TXN0000752,ACC000628,CUST00003,ATM_WITHDRAWAL,38943.72,INR,WEB,MERCH0041,PHARMACY,2025-09-25 21:49:18
TXN0000753,ACC000107,CUST00375,UPI,246952.81,INR,MOBILE,MERCH0120,TRAVEL,2026-05-27 00:26:56
TXN0000754,ACC000045,CUST00210,CARD_PURCHASE,244640.42,INR,WEB,MERCH0112,GROCERY,2025-11-06 06:41:16
TXN0000755,ACC000616,CUST00263,CARD_PURCHASE,67469.33,INR,MOBILE,MERCH0019,GROCERY,2026-04-11 21:58:47
TXN0000756,ACC000518,CUST00458,IMPS,101273.07,INR,POS,MERCH0112,RESTAURANT,2026-01-20 13:40:26
TXN0000757,ACC000269,CUST00303,ATM_WITHDRAWAL,53534.08,INR,WEB,MERCH0107,GROCERY,2026-04-13 07:43:37
TXN0000758,ACC000067,CUST00228,UPI,223740.2,INR,ATM,MERCH0022,ELECTRONICS,2025-10-31 13:51:44
TXN0000759,ACC000295,CUST00257,IMPS,235485.99,INR,BRANCH,MERCH0089,ELECTRONICS,2026-07-18 09:49:16
TXN0000760,ACC000062,CUST00302,CARD_PURCHASE,88679.55,INR,POS,MERCH0106,GROCERY,2026-05-23 19:55:05
TXN0000761,ACC000013,CUST00403,ATM_WITHDRAWAL,195770.26,INR,MOBILE,MERCH0093,FUEL,2026-05-12 03:22:22
TXN0000762,ACC000431,CUST00155,ATM_WITHDRAWAL,154131.93,INR,ATM,MERCH0002,ELECTRONICS,2026-03-23 16:30:16
TXN0000763,ACC000621,CUST00359,CARD_PURCHASE,233455.51,INR,ATM,MERCH0015,FUEL,2025-12-20 21:31:57
TXN0000764,ACC000633,CUST00359,CARD_PURCHASE,65708.05,INR,POS,MERCH0107,ELECTRONICS,2026-06-05 05:01:16
TXN0000765,ACC000103,CUST00388,CARD_PURCHASE,159732.71,INR,MOBILE,MERCH0028,FUEL,2026-03-10 22:26:17
TXN0000766,ACC000291,CUST00154,NEFT,105049.83,INR,WEB,MERCH0077,RESTAURANT,2026-01-15 18:40:19
TXN0000767,ACC000078,CUST00229,NEFT,87027.91,INR,BRANCH,MERCH0002,TRAVEL,2026-08-07 01:16:58
TXN0000768,ACC000599,CUST00154,IMPS,4057.66,INR,BRANCH,MERCH0105,GROCERY,2025-11-09 05:16:07
TXN0000769,ACC000597,CUST00108,CARD_PURCHASE,162231.43,INR,POS,MERCH0046,TRAVEL,2026-04-19 22:21:04
TXN0000770,ACC000223,CUST00151,ATM_WITHDRAWAL,106468.04,USD,ATM,MERCH0015,ELECTRONICS,2026-07-07 05:53:11
TXN0000771,ACC000347,CUST00029,CARD_PURCHASE,107101.62,INR,BRANCH,MERCH0021,PHARMACY,2026-05-16 15:23:31
TXN0000772,ACC000221,CUST00433,CARD_PURCHASE,95397.02,INR,POS,MERCH0082,TRAVEL,2026-03-17 04:27:31
TXN0000773,ACC000444,CUST00249,ATM_WITHDRAWAL,234476.0,INR,MOBILE,MERCH0012,GROCERY,2025-11-20 09:49:01
TXN0000774,ACC000054,CUST00174,UPI,162409.65,INR,POS,MERCH0014,RESTAURANT,2025-10-19 01:38:53
TXN0000775,ACC000607,CUST00099,ATM_WITHDRAWAL,231807.96,INR,POS,MERCH0065,PHARMACY,2026-08-29 13:45:22
TXN0000776,ACC000297,CUST00480,UPI,166930.86,INR,WEB,MERCH0029,RESTAURANT,2026-07-11 15:34:08
TXN0000777,ACC000057,CUST00364,ATM_WITHDRAWAL,95276.15,INR,POS,MERCH0016,TRAVEL,2026-09-10 07:58:47
TXN0000778,ACC000272,CUST00049,CARD_PURCHASE,103239.56,INR,POS,MERCH0001,TRAVEL,2026-06-28 08:23:49
TXN0000779,ACC000407,CUST00367,NEFT,126895.13,INR,ATM,MERCH0040,RESTAURANT,2026-02-01 07:18:47
TXN0000780,ACC000697,CUST00296,NEFT,1049.35,INR,MOBILE,MERCH0002,GROCERY,2026-08-27 15:13:59
TXN0000781,ACC000030,CUST00195,NEFT,197629.63,INR,BRANCH,MERCH0105,FUEL,2026-01-05 09:37:44
TXN0000782,ACC000315,CUST00046,ATM_WITHDRAWAL,79374.57,INR,BRANCH,MERCH0056,ELECTRONICS,2025-10-07 15:19:49
TXN0000783,ACC000012,CUST00177,ATM_WITHDRAWAL,243372.85,INR,POS,MERCH0107,GROCERY,2026-02-16 21:18:03
TXN0000784,ACC000352,CUST00031,ATM_WITHDRAWAL,107281.32,INR,POS,MERCH0094,ELECTRONICS,2026-08-13 03:57:47
TXN0000785,ACC000165,CUST00429,CARD_PURCHASE,226043.8,INR,POS,MERCH0030,GROCERY,2026-09-02 19:15:26
TXN0000786,ACC000177,CUST00428,NEFT,126069.22,INR,POS,MERCH0108,FUEL,2025-12-29 22:26:09
TXN0000787,ACC000122,CUST00094,IMPS,209336.1,INR,ATM,MERCH0027,GROCERY,2025-11-04 13:10:10
TXN0000788,ACC000435,CUST00129,UPI,6419.8,INR,BRANCH,MERCH0020,GROCERY,2026-05-23 04:33:47
TXN0000789,ACC000399,CUST00341,ATM_WITHDRAWAL,176896.9,INR,MOBILE,MERCH0074,RESTAURANT,2026-03-21 21:46:54
TXN0000790,ACC000599,CUST00154,UPI,185587.48,INR,POS,MERCH0082,FUEL,2026-03-06 03:13:17
TXN0000791,ACC000361,CUST00330,IMPS,46646.93,INR,WEB,MERCH0039,ELECTRONICS,2026-05-06 21:50:33
TXN0000792,ACC000042,CUST00117,ATM_WITHDRAWAL,210115.79,INR,POS,MERCH0099,TRAVEL,2025-11-26 03:34:15
TXN0000793,ACC000255,CUST00385,UPI,68748.46,INR,MOBILE,MERCH0082,PHARMACY,2026-08-28 00:37:03
TXN0000794,ACC000175,CUST00104,UPI,27741.77,INR,MOBILE,MERCH0014,ELECTRONICS,2026-06-24 08:53:46
TXN0000795,ACC000117,CUST00158,IMPS,65506.05,INR,MOBILE,MERCH0064,TRAVEL,2026-06-17 06:06:23
TXN0000796,ACC000195,CUST00071,NEFT,97706.14,INR,MOBILE,MERCH0053,GROCERY,2026-08-23 20:32:56
TXN0000797,ACC000674,CUST00343,CARD_PURCHASE,239804.7,INR,POS,MERCH0049,TRAVEL,2026-07-27 06:18:36
TXN0000798,ACC000018,CUST00201,CARD_PURCHASE,202139.18,INR,MOBILE,MERCH0116,ELECTRONICS,2026-03-29 23:27:02
TXN0000799,ACC000023,CUST00498,ATM_WITHDRAWAL,157807.04,INR,MOBILE,MERCH0044,TRAVEL,2026-07-13 06:48:08
TXN0000800,ACC000361,CUST00330,CARD_PURCHASE,248729.06,INR,MOBILE,MERCH0021,PHARMACY,2026-01-12 18:45:37
TXN0000801,ACC000172,CUST00165,IMPS,231646.53,INR,MOBILE,MERCH0069,GROCERY,2025-12-17 23:10:56
TXN0000802,ACC000142,CUST00206,ATM_WITHDRAWAL,127941.06,INR,ATM,MERCH0015,ELECTRONICS,2026-04-12 18:39:46
TXN0000803,ACC000093,CUST00454,UPI,81891.66,INR,WEB,MERCH0035,TRAVEL,2025-10-31 17:56:39
TXN0000804,ACC000526,CUST00358,CARD_PURCHASE,49817.39,INR,BRANCH,MERCH0084,TRAVEL,2025-10-26 03:00:25
TXN0000805,ACC000469,CUST00181,CARD_PURCHASE,186301.16,INR,BRANCH,MERCH0052,ELECTRONICS,2026-07-02 21:56:17
TXN0000806,ACC000062,CUST00302,IMPS,43248.15,INR,ATM,MERCH0051,GROCERY,2026-05-14 00:45:37
TXN0000807,ACC000479,CUST00472,ATM_WITHDRAWAL,198290.38,INR,WEB,MERCH0102,ELECTRONICS,2026-05-12 08:58:11
TXN0000808,ACC000422,CUST00456,CARD_PURCHASE,108373.58,INR,BRANCH,MERCH0096,TRAVEL,2026-08-23 16:37:28
TXN0000809,ACC000221,CUST00433,IMPS,155731.51,INR,POS,MERCH0026,PHARMACY,2026-02-09 12:39:08
TXN0000810,ACC000645,CUST00329,IMPS,93496.38,INR,MOBILE,MERCH0058,ELECTRONICS,2025-12-24 10:27:25
TXN0000811,ACC000496,CUST00144,UPI,239524.78,INR,POS,MERCH0038,PHARMACY,2026-08-25 08:28:54
TXN0000812,ACC000207,CUST00483,ATM_WITHDRAWAL,88069.81,INR,WEB,MERCH0104,TRAVEL,2026-08-17 19:41:56
TXN0000813,ACC000094,CUST00068,CARD_PURCHASE,197726.18,INR,MOBILE,MERCH0028,FUEL,2026-06-06 22:51:47
TXN0000814,ACC000281,CUST00001,IMPS,92997.35,INR,MOBILE,MERCH0002,TRAVEL,2026-04-01 18:49:03
TXN0000815,ACC000604,CUST00157,UPI,179203.49,INR,BRANCH,MERCH0102,TRAVEL,2026-08-12 16:08:29
TXN0000816,ACC000302,CUST00197,NEFT,140414.53,INR,BRANCH,MERCH0028,PHARMACY,2026-06-21 04:49:27
TXN0000817,ACC000627,CUST00371,NEFT,25739.02,INR,BRANCH,MERCH0114,FUEL,2026-03-08 16:25:40
TXN0000818,ACC000480,CUST00288,UPI,143491.36,INR,POS,MERCH0041,TRAVEL,2026-03-04 11:44:05
TXN0000819,ACC000297,CUST00480,NEFT,49288.84,INR,POS,MERCH0006,TRAVEL,2025-10-13 17:29:13
TXN0000820,ACC000108,CUST00358,CARD_PURCHASE,29823.56,INR,BRANCH,MERCH0042,PHARMACY,2026-05-27 12:35:47
TXN0000821,ACC000527,CUST00437,CARD_PURCHASE,59113.12,INR,MOBILE,MERCH0083,PHARMACY,2025-11-01 13:53:23
TXN0000822,ACC000429,CUST00329,UPI,227911.67,INR,POS,MERCH0005,PHARMACY,2026-08-23 17:23:25
TXN0000823,ACC000470,CUST00296,ATM_WITHDRAWAL,9789.67,INR,MOBILE,MERCH0061,GROCERY,2026-07-17 17:51:36
TXN0000824,ACC000012,CUST00177,CARD_PURCHASE,180816.18,INR,ATM,MERCH0052,GROCERY,2026-01-08 13:08:01
TXN0000825,ACC000181,CUST00126,ATM_WITHDRAWAL,193655.61,INR,MOBILE,MERCH0051,TRAVEL,2026-08-14 20:29:06
TXN0000826,ACC000242,CUST00170,CARD_PURCHASE,123339.22,INR,MOBILE,MERCH0108,TRAVEL,2026-06-29 22:06:15
TXN0000827,ACC000172,CUST00165,ATM_WITHDRAWAL,25694.88,INR,MOBILE,MERCH0018,GROCERY,2026-07-03 04:18:26
TXN0000828,ACC000249,CUST00123,IMPS,215348.58,INR,WEB,MERCH0022,GROCERY,2026-01-06 20:42:04
TXN0000829,ACC000569,CUST00400,NEFT,181029.74,INR,BRANCH,MERCH0001,FUEL,2026-09-08 02:09:16
TXN0000830,ACC000005,CUST00470,UPI,64929.33,INR,MOBILE,MERCH0007,TRAVEL,2025-12-28 11:11:20
TXN0000831,ACC000652,CUST00420,UPI,65939.15,INR,POS,MERCH0035,FUEL,2026-05-28 09:09:12
TXN0000832,ACC000486,CUST00226,NEFT,231215.35,INR,MOBILE,MERCH0017,TRAVEL,2026-04-06 22:42:20
TXN0000833,ACC000431,CUST00155,NEFT,188261.18,INR,POS,MERCH0082,RESTAURANT,2026-01-27 10:21:42
TXN0000834,ACC000406,CUST00452,UPI,130445.71,INR,POS,MERCH0085,RESTAURANT,2026-03-03 16:49:31
TXN0000835,ACC000320,CUST00298,IMPS,80484.62,INR,WEB,MERCH0012,TRAVEL,2026-06-07 18:08:14
TXN0000836,ACC000463,CUST00407,IMPS,177848.23,INR,WEB,MERCH0085,FUEL,2026-08-12 12:17:35
TXN0000837,ACC000236,CUST00184,NEFT,173744.32,INR,POS,MERCH0008,ELECTRONICS,2025-12-28 07:15:29
TXN0000838,ACC000623,CUST00432,UPI,167628.03,INR,POS,MERCH0025,RESTAURANT,2026-02-07 05:46:17
TXN0000839,ACC000442,CUST00021,UPI,85119.13,INR,BRANCH,MERCH0066,TRAVEL,2025-10-23 23:56:00
TXN0000840,ACC000177,CUST00428,IMPS,177131.01,INR,BRANCH,MERCH0014,ELECTRONICS,2025-09-26 17:55:38
TXN0000841,ACC000651,CUST00164,NEFT,229175.14,INR,POS,MERCH0112,PHARMACY,2025-10-31 00:03:22
TXN0000842,ACC000459,CUST00436,ATM_WITHDRAWAL,50763.15,INR,MOBILE,MERCH0036,RESTAURANT,2026-06-25 15:58:48
TXN0000843,ACC000647,CUST00076,NEFT,171569.64,INR,BRANCH,MERCH0083,GROCERY,2026-07-31 17:49:56
TXN0000844,ACC000288,CUST00363,NEFT,115243.92,INR,MOBILE,MERCH0031,GROCERY,2026-03-29 07:05:22
TXN0000845,ACC000513,CUST00189,CARD_PURCHASE,46765.57,INR,BRANCH,MERCH0058,TRAVEL,2025-12-24 23:59:14
TXN0000846,ACC000261,CUST00164,IMPS,29590.37,INR,ATM,MERCH0056,ELECTRONICS,2026-05-07 05:21:03
TXN0000847,ACC000411,CUST00008,NEFT,99238.03,INR,ATM,MERCH0007,RESTAURANT,2026-04-01 22:57:31
TXN0000848,ACC000240,CUST00435,IMPS,92451.47,INR,POS,MERCH0094,RESTAURANT,2025-12-16 16:56:03
TXN0000849,ACC000220,CUST00463,NEFT,73508.53,INR,BRANCH,MERCH0036,PHARMACY,2026-05-09 06:45:12
TXN0000850,ACC000128,CUST00277,ATM_WITHDRAWAL,123409.12,INR,MOBILE,MERCH0083,ELECTRONICS,2026-03-09 04:26:56
TXN0000851,ACC000599,CUST00154,UPI,54902.75,INR,MOBILE,MERCH0074,TRAVEL,2026-06-07 05:33:15
TXN0000852,ACC000524,CUST00116,NEFT,16471.19,INR,WEB,MERCH0113,PHARMACY,2026-01-02 22:27:20
TXN0000853,ACC000435,CUST00129,CARD_PURCHASE,97983.1,INR,ATM,MERCH0064,ELECTRONICS,2025-11-01 02:28:31
TXN0000854,ACC000129,CUST00249,NEFT,196434.06,INR,ATM,MERCH0091,PHARMACY,2026-07-22 00:10:01
TXN0000855,ACC000372,CUST00011,IMPS,183473.23,INR,BRANCH,MERCH0117,FUEL,2026-08-08 14:45:22
TXN0000856,ACC000576,CUST00483,ATM_WITHDRAWAL,119194.81,INR,WEB,MERCH0022,TRAVEL,2026-06-23 21:25:01
TXN0000857,ACC000657,CUST00063,UPI,41669.7,INR,POS,MERCH0019,GROCERY,2026-03-30 04:39:01
TXN0000858,ACC000502,CUST00322,CARD_PURCHASE,106986.36,INR,ATM,MERCH0113,GROCERY,2026-04-27 11:16:38
TXN0000859,ACC000380,CUST00407,NEFT,169803.94,INR,BRANCH,MERCH0046,RESTAURANT,2026-05-15 07:44:51
TXN0000860,ACC000463,CUST00407,ATM_WITHDRAWAL,261.61,INR,POS,MERCH0015,GROCERY,2026-08-12 22:41:34
TXN0000861,ACC000601,CUST00316,UPI,141821.01,EUR,WEB,MERCH0068,PHARMACY,2026-04-29 09:24:30
TXN0000862,ACC000382,CUST00301,NEFT,188750.57,INR,MOBILE,MERCH0039,FUEL,2026-02-14 16:21:55
TXN0000863,ACC000010,CUST00113,IMPS,113159.56,INR,BRANCH,MERCH0033,FUEL,2026-05-15 07:37:42
TXN0000864,ACC000304,CUST00115,CARD_PURCHASE,63391.68,INR,ATM,MERCH0039,FUEL,2026-04-11 06:34:05
TXN0000865,ACC000416,CUST00331,IMPS,222844.19,INR,BRANCH,MERCH0062,GROCERY,2026-08-25 18:06:08
TXN0000866,ACC000069,CUST00400,IMPS,171449.18,INR,MOBILE,MERCH0019,RESTAURANT,2026-09-16 01:20:16
TXN0000867,ACC000430,CUST00493,NEFT,164845.13,INR,POS,MERCH0004,ELECTRONICS,2026-06-07 23:31:47
TXN0000868,ACC000353,CUST00095,ATM_WITHDRAWAL,185255.7,USD,ATM,MERCH0027,FUEL,2026-02-17 07:25:07
TXN0000869,ACC000181,CUST00126,UPI,48468.59,INR,MOBILE,MERCH0036,FUEL,2025-10-08 01:51:32
TXN0000870,ACC000030,CUST00195,ATM_WITHDRAWAL,224806.35,INR,BRANCH,MERCH0023,TRAVEL,2026-05-13 09:20:47
TXN0000871,ACC000356,CUST00103,IMPS,221999.85,INR,POS,MERCH0036,TRAVEL,2025-11-02 14:11:39
TXN0000872,ACC000684,CUST00086,NEFT,10284.58,INR,ATM,MERCH0107,PHARMACY,2026-05-08 23:50:35
TXN0000873,ACC000633,CUST00359,UPI,108370.57,INR,ATM,MERCH0037,GROCERY,2026-08-13 06:05:24
TXN0000874,ACC000550,CUST00217,UPI,124736.77,INR,POS,MERCH0088,ELECTRONICS,2026-07-26 22:20:06
TXN0000875,ACC000235,CUST00162,ATM_WITHDRAWAL,241668.2,INR,WEB,MERCH0039,RESTAURANT,2026-05-29 07:38:17
TXN0000876,ACC000167,CUST00354,IMPS,16163.48,INR,POS,MERCH0006,ELECTRONICS,2025-10-30 00:14:56
TXN0000877,ACC000211,CUST00063,IMPS,206369.4,INR,POS,MERCH0040,GROCERY,2026-05-03 06:39:57
TXN0000878,ACC000175,CUST00104,CARD_PURCHASE,88070.36,INR,MOBILE,MERCH0033,ELECTRONICS,2025-10-28 14:06:20
TXN0000879,ACC000359,CUST00216,IMPS,219681.74,INR,BRANCH,MERCH0086,PHARMACY,2025-11-06 08:22:41
TXN0000880,ACC000089,CUST00131,NEFT,238421.78,INR,WEB,MERCH0094,ELECTRONICS,2026-07-15 10:43:45
TXN0000881,ACC000300,CUST00193,CARD_PURCHASE,146310.36,INR,WEB,MERCH0005,RESTAURANT,2025-12-23 09:29:37
TXN0000882,ACC000409,CUST00119,IMPS,62189.64,INR,POS,MERCH0055,RESTAURANT,2026-02-08 19:25:21
TXN0000883,ACC000008,CUST00276,UPI,223259.48,INR,BRANCH,MERCH0040,ELECTRONICS,2026-05-05 00:34:36
TXN0000884,ACC000394,CUST00457,ATM_WITHDRAWAL,108959.71,INR,BRANCH,MERCH0018,FUEL,2026-06-09 22:37:16
TXN0000885,ACC000554,CUST00029,NEFT,62512.61,INR,WEB,MERCH0039,TRAVEL,2026-06-24 04:39:06
TXN0000886,ACC000004,CUST00213,UPI,74340.56,INR,POS,MERCH0070,ELECTRONICS,2026-09-07 17:22:36
TXN0000887,ACC000019,CUST00102,CARD_PURCHASE,195603.61,INR,MOBILE,MERCH0018,PHARMACY,2026-05-14 05:19:29
TXN0000888,ACC000083,CUST00035,CARD_PURCHASE,173536.41,INR,ATM,MERCH0060,TRAVEL,2026-03-04 13:10:53
TXN0000889,ACC000388,CUST00099,CARD_PURCHASE,116643.47,USD,POS,MERCH0004,PHARMACY,2026-08-04 08:26:26
TXN0000890,ACC000482,CUST00318,UPI,239373.36,INR,WEB,MERCH0079,TRAVEL,2026-02-21 15:25:03
TXN0000891,ACC000174,CUST00211,NEFT,145084.8,INR,BRANCH,MERCH0070,PHARMACY,2026-06-27 16:23:09
TXN0000892,ACC000376,CUST00199,IMPS,13393.47,INR,WEB,MERCH0052,FUEL,2026-07-07 18:55:01
TXN0000893,ACC000099,CUST00254,UPI,115707.33,INR,BRANCH,MERCH0059,GROCERY,2025-10-07 05:00:54
TXN0000894,ACC000009,CUST00131,UPI,13682.64,INR,MOBILE,MERCH0043,PHARMACY,2026-02-03 14:33:33
TXN0000895,ACC000002,CUST00307,UPI,205486.81,INR,ATM,MERCH0111,GROCERY,2026-05-31 00:44:56
TXN0000896,ACC000472,CUST00433,UPI,185120.83,INR,MOBILE,MERCH0090,ELECTRONICS,2026-07-24 19:24:37
TXN0000897,ACC000070,CUST00030,ATM_WITHDRAWAL,36046.53,INR,POS,MERCH0018,ELECTRONICS,2026-03-11 16:49:43
TXN0000898,ACC000071,CUST00099,NEFT,75230.04,INR,MOBILE,MERCH0104,RESTAURANT,2026-08-18 16:50:05
TXN0000899,ACC000700,CUST00120,ATM_WITHDRAWAL,171946.8,INR,MOBILE,MERCH0020,PHARMACY,2026-03-19 15:52:58
TXN0000900,ACC000586,CUST00425,UPI,129960.44,INR,MOBILE,MERCH0061,GROCERY,2026-05-02 09:24:33
TXN0000901,ACC000303,CUST00103,ATM_WITHDRAWAL,110959.53,INR,MOBILE,MERCH0039,RESTAURANT,2026-08-23 01:01:24
TXN0000902,ACC000336,CUST00383,CARD_PURCHASE,245674.24,INR,BRANCH,MERCH0034,PHARMACY,2026-04-12 17:58:25
TXN0000903,ACC000470,CUST00296,CARD_PURCHASE,214829.88,INR,POS,MERCH0019,FUEL,2025-10-06 04:53:12
TXN0000904,ACC000030,CUST00195,UPI,46210.12,INR,WEB,MERCH0022,PHARMACY,2026-09-21 20:43:06
TXN0000905,ACC000472,CUST00433,ATM_WITHDRAWAL,50095.76,INR,ATM,MERCH0086,GROCERY,2026-02-23 13:31:58
TXN0000906,ACC000462,CUST00296,ATM_WITHDRAWAL,123246.1,INR,POS,MERCH0050,FUEL,2026-08-03 12:39:14
TXN0000907,ACC000650,CUST00122,UPI,115996.28,INR,WEB,MERCH0004,TRAVEL,2026-07-31 10:38:49
TXN0000908,ACC000583,CUST00277,CARD_PURCHASE,30040.42,INR,BRANCH,MERCH0039,GROCERY,2026-05-23 15:56:04
TXN0000909,ACC000004,CUST00213,ATM_WITHDRAWAL,111125.4,INR,ATM,MERCH0018,RESTAURANT,2026-07-07 19:37:50
TXN0000910,ACC000103,CUST00388,CARD_PURCHASE,69233.24,USD,ATM,MERCH0065,PHARMACY,2026-07-20 17:29:28
TXN0000911,ACC000603,CUST00062,NEFT,87215.03,INR,POS,MERCH0066,GROCERY,2026-03-08 10:05:24
TXN0000912,ACC000272,CUST00049,NEFT,163983.25,INR,BRANCH,MERCH0044,RESTAURANT,2026-06-08 13:36:58
TXN0000913,ACC000522,CUST00212,NEFT,69592.25,INR,ATM,MERCH0119,RESTAURANT,2026-09-09 09:22:42
TXN0000914,ACC000300,CUST00193,UPI,229040.84,INR,POS,MERCH0061,PHARMACY,2025-10-01 16:26:04
TXN0000915,ACC000672,CUST00434,NEFT,144013.98,INR,BRANCH,MERCH0034,ELECTRONICS,2025-12-14 15:04:53
TXN0000916,ACC000298,CUST00049,IMPS,147217.14,INR,BRANCH,MERCH0080,RESTAURANT,2026-04-29 21:37:04
TXN0000917,ACC000451,CUST00367,UPI,11241.83,INR,WEB,MERCH0030,GROCERY,2025-11-30 22:02:40
TXN0000918,ACC000232,CUST00107,UPI,124863.48,INR,ATM,MERCH0098,ELECTRONICS,2025-10-01 02:29:22
TXN0000919,ACC000674,CUST00343,NEFT,26366.9,INR,POS,MERCH0097,RESTAURANT,2026-05-24 14:19:53
TXN0000920,ACC000241,CUST00119,UPI,15491.04,INR,MOBILE,MERCH0109,FUEL,2026-01-27 11:35:51
TXN0000921,ACC000415,CUST00437,UPI,110387.7,INR,MOBILE,MERCH0119,ELECTRONICS,2025-10-30 02:22:08
TXN0000922,ACC000268,CUST00093,IMPS,26924.18,INR,WEB,MERCH0082,PHARMACY,2026-01-13 05:39:53
TXN0000923,ACC000465,CUST00284,ATM_WITHDRAWAL,49941.61,INR,POS,MERCH0087,TRAVEL,2026-09-14 06:42:38
TXN0000924,ACC000238,CUST00018,NEFT,50306.17,INR,BRANCH,MERCH0104,ELECTRONICS,2026-02-28 18:54:24
TXN0000925,ACC000161,CUST00054,UPI,145531.17,INR,MOBILE,MERCH0027,GROCERY,2026-07-30 03:39:09
TXN0000926,ACC000361,CUST00330,NEFT,223323.82,INR,POS,MERCH0073,PHARMACY,2025-10-02 17:55:02
TXN0000927,ACC000121,CUST00293,UPI,85184.42,INR,BRANCH,MERCH0064,ELECTRONICS,2026-07-01 20:45:15
TXN0000928,ACC000629,CUST00069,NEFT,142596.81,INR,ATM,MERCH0046,PHARMACY,2026-03-18 01:29:01
TXN0000929,ACC000593,CUST00032,ATM_WITHDRAWAL,213356.87,INR,POS,MERCH0055,FUEL,2026-08-17 14:42:33
TXN0000930,ACC000070,CUST00030,CARD_PURCHASE,218495.49,INR,WEB,MERCH0101,PHARMACY,2026-09-02 17:39:11
TXN0000931,ACC000207,CUST00483,IMPS,25237.24,INR,MOBILE,MERCH0077,PHARMACY,2025-12-29 04:22:15
TXN0000932,ACC000351,CUST00362,IMPS,5645.39,INR,ATM,MERCH0119,TRAVEL,2026-02-07 23:44:17
TXN0000933,ACC000557,CUST00321,CARD_PURCHASE,175821.3,INR,WEB,MERCH0037,GROCERY,2026-08-05 13:11:37
TXN0000934,ACC000551,CUST00026,ATM_WITHDRAWAL,143843.22,INR,BRANCH,MERCH0065,TRAVEL,2026-06-13 23:34:39
TXN0000935,ACC000255,CUST00385,CARD_PURCHASE,154665.04,INR,MOBILE,MERCH0075,RESTAURANT,2026-02-02 08:13:23
TXN0000936,ACC000327,CUST00193,IMPS,163311.47,INR,POS,MERCH0034,ELECTRONICS,2026-02-05 13:51:08
TXN0000937,ACC000457,CUST00066,IMPS,222008.13,INR,WEB,MERCH0071,FUEL,2025-12-27 07:30:33
TXN0000938,ACC000103,CUST00388,IMPS,231044.32,INR,MOBILE,MERCH0031,RESTAURANT,2026-01-07 03:50:55
TXN0000939,ACC000292,CUST00156,UPI,201417.46,INR,BRANCH,MERCH0090,GROCERY,2026-03-13 22:32:01
TXN0000940,ACC000271,CUST00130,IMPS,245264.2,INR,BRANCH,MERCH0095,PHARMACY,2026-07-23 02:09:07
TXN0000941,ACC000437,CUST00308,UPI,221880.78,INR,WEB,MERCH0035,FUEL,2025-10-10 06:58:02
TXN0000942,ACC000159,CUST00334,UPI,26024.26,INR,WEB,MERCH0084,TRAVEL,2026-01-25 18:07:19
TXN0000943,ACC000025,CUST00379,CARD_PURCHASE,119403.37,INR,WEB,MERCH0003,GROCERY,2026-03-18 16:13:24
TXN0000944,ACC000547,CUST00064,UPI,193405.57,INR,BRANCH,MERCH0078,RESTAURANT,2026-06-20 05:34:21
TXN0000945,ACC000477,CUST00358,UPI,138128.47,INR,POS,MERCH0090,ELECTRONICS,2026-05-26 06:16:49
TXN0000946,ACC000285,CUST00242,CARD_PURCHASE,175337.43,INR,MOBILE,MERCH0057,GROCERY,2026-01-01 22:24:13
TXN0000947,ACC000092,CUST00472,ATM_WITHDRAWAL,245633.81,INR,WEB,MERCH0044,RESTAURANT,2026-07-17 05:25:20
TXN0000948,ACC000224,CUST00244,UPI,59550.17,INR,MOBILE,MERCH0030,RESTAURANT,2026-07-26 22:43:03
TXN0000949,ACC000470,CUST00296,ATM_WITHDRAWAL,142016.47,EUR,MOBILE,MERCH0112,FUEL,2025-11-23 02:16:27
TXN0000950,ACC000077,CUST00176,NEFT,203157.35,INR,WEB,MERCH0057,ELECTRONICS,2025-12-12 01:01:11
TXN0000951,ACC000110,CUST00217,IMPS,10939.42,INR,WEB,MERCH0038,ELECTRONICS,2026-04-26 14:50:14
TXN0000952,ACC000421,CUST00289,ATM_WITHDRAWAL,99460.68,INR,MOBILE,MERCH0010,TRAVEL,2026-07-18 01:54:24
TXN0000953,ACC000174,CUST00211,ATM_WITHDRAWAL,51473.18,INR,ATM,MERCH0115,ELECTRONICS,2026-08-23 01:41:28
TXN0000954,ACC000065,CUST00120,CARD_PURCHASE,178286.33,INR,BRANCH,MERCH0038,FUEL,2026-04-22 06:26:42
TXN0000955,ACC000593,CUST00032,NEFT,131715.78,INR,BRANCH,MERCH0065,GROCERY,2026-05-31 11:55:09
TXN0000956,ACC000622,CUST00062,UPI,86665.4,INR,BRANCH,MERCH0063,TRAVEL,2026-01-24 17:35:49
TXN0000957,ACC000007,CUST00431,UPI,50896.7,INR,BRANCH,MERCH0030,TRAVEL,2026-07-06 09:18:57
TXN0000958,ACC000486,CUST00226,ATM_WITHDRAWAL,52700.3,INR,WEB,MERCH0005,ELECTRONICS,2026-02-24 14:01:43
TXN0000959,ACC000548,CUST00102,CARD_PURCHASE,162480.52,INR,MOBILE,MERCH0003,RESTAURANT,2026-07-11 06:53:26
TXN0000960,ACC000529,CUST00293,UPI,67581.94,INR,ATM,MERCH0106,GROCERY,2026-02-04 02:04:02
TXN0000961,ACC000283,CUST00239,UPI,69780.33,INR,POS,MERCH0003,RESTAURANT,2026-07-22 00:35:55
TXN0000962,ACC000575,CUST00374,CARD_PURCHASE,111010.49,INR,POS,MERCH0024,FUEL,2026-08-04 10:10:24
TXN0000963,ACC000613,CUST00321,CARD_PURCHASE,133127.66,INR,MOBILE,MERCH0070,TRAVEL,2025-11-27 13:08:38
TXN0000964,ACC000171,CUST00032,UPI,227514.4,INR,ATM,MERCH0119,TRAVEL,2026-08-15 18:48:24
TXN0000965,ACC000697,CUST00296,ATM_WITHDRAWAL,54143.87,INR,BRANCH,MERCH0056,RESTAURANT,2026-04-03 20:15:36
TXN0000966,ACC000669,CUST00484,UPI,201851.1,INR,ATM,MERCH0110,PHARMACY,2026-08-20 09:58:12
TXN0000967,ACC000335,CUST00348,CARD_PURCHASE,105964.52,INR,BRANCH,MERCH0034,ELECTRONICS,2025-10-26 05:46:14
TXN0000968,ACC000228,CUST00151,CARD_PURCHASE,116838.44,EUR,WEB,MERCH0017,GROCERY,2026-01-29 08:20:46
TXN0000969,ACC000266,CUST00091,IMPS,199899.24,INR,MOBILE,MERCH0032,PHARMACY,2026-02-05 08:30:16
TXN0000970,ACC000571,CUST00268,IMPS,84389.71,INR,BRANCH,MERCH0036,TRAVEL,2026-05-19 02:44:13
TXN0000971,ACC000679,CUST00397,IMPS,164810.89,INR,BRANCH,MERCH0002,GROCERY,2026-04-18 18:09:31
TXN0000972,ACC000413,CUST00440,IMPS,142114.58,INR,ATM,MERCH0109,ELECTRONICS,2026-07-06 01:26:09
TXN0000973,ACC000017,CUST00071,CARD_PURCHASE,115686.44,INR,POS,MERCH0005,TRAVEL,2026-07-31 10:02:31
TXN0000974,ACC000540,CUST00055,CARD_PURCHASE,159439.4,INR,POS,MERCH0008,PHARMACY,2026-08-12 11:43:42
TXN0000975,ACC000304,CUST00115,UPI,69118.65,INR,ATM,MERCH0009,RESTAURANT,2025-12-19 02:33:43
TXN0000976,ACC000178,CUST00427,NEFT,64509.16,INR,ATM,MERCH0112,RESTAURANT,2026-01-22 15:45:33
TXN0000977,ACC000351,CUST00362,NEFT,56862.46,INR,BRANCH,MERCH0084,GROCERY,2026-08-09 13:20:01
TXN0000978,ACC000440,CUST00496,NEFT,28620.5,INR,BRANCH,MERCH0111,RESTAURANT,2026-01-18 12:02:15
TXN0000979,ACC000072,CUST00162,ATM_WITHDRAWAL,79340.44,INR,WEB,MERCH0008,FUEL,2025-10-31 01:36:52
TXN0000980,ACC000334,CUST00005,IMPS,243820.83,INR,ATM,MERCH0070,FUEL,2026-09-11 18:08:29
TXN0000981,ACC000646,CUST00200,UPI,150148.7,INR,MOBILE,MERCH0065,RESTAURANT,2026-06-29 02:25:19
TXN0000982,ACC000503,CUST00120,UPI,127763.77,INR,ATM,MERCH0074,TRAVEL,2025-10-26 20:20:20
TXN0000983,ACC000476,CUST00306,CARD_PURCHASE,17857.58,INR,ATM,MERCH0019,GROCERY,2026-05-28 01:34:09
TXN0000984,ACC000453,CUST00430,IMPS,151745.62,INR,POS,MERCH0115,FUEL,2026-02-26 10:14:59
TXN0000985,ACC000442,CUST00021,IMPS,117676.55,USD,BRANCH,MERCH0004,ELECTRONICS,2026-01-21 06:06:48
TXN0000986,ACC000432,CUST00319,IMPS,11162.2,INR,BRANCH,MERCH0004,GROCERY,2026-05-21 05:02:26
TXN0000987,ACC000556,CUST00351,ATM_WITHDRAWAL,52877.8,INR,BRANCH,MERCH0101,PHARMACY,2026-04-02 19:37:08
TXN0000988,ACC000447,CUST00421,IMPS,234985.56,INR,BRANCH,MERCH0005,FUEL,2026-05-28 01:47:10
TXN0000989,ACC000562,CUST00087,NEFT,95278.6,EUR,MOBILE,MERCH0010,ELECTRONICS,2025-12-03 00:53:01
TXN0000990,ACC000173,CUST00070,ATM_WITHDRAWAL,125878.94,INR,BRANCH,MERCH0094,RESTAURANT,2026-07-12 13:08:21
TXN0000991,ACC000544,CUST00405,ATM_WITHDRAWAL,183264.08,INR,BRANCH,MERCH0103,GROCERY,2026-02-17 08:26:09
TXN0000992,ACC000472,CUST00433,ATM_WITHDRAWAL,118087.57,INR,POS,MERCH0041,TRAVEL,2025-12-09 05:36:48
TXN0000993,ACC000509,CUST00097,NEFT,209003.88,INR,WEB,MERCH0043,ELECTRONICS,2026-01-02 12:26:50
TXN0000994,ACC000463,CUST00407,IMPS,57730.37,INR,MOBILE,MERCH0089,ELECTRONICS,2026-08-20 03:43:18
TXN0000995,ACC000013,CUST00403,CARD_PURCHASE,183202.25,INR,ATM,MERCH0011,TRAVEL,2026-06-23 10:51:23
TXN0000996,ACC000584,CUST00255,ATM_WITHDRAWAL,126415.8,INR,POS,MERCH0078,ELECTRONICS,2026-03-29 06:04:54
TXN0000997,ACC000585,CUST00441,CARD_PURCHASE,196578.17,INR,WEB,MERCH0119,PHARMACY,2026-02-04 21:13:09
TXN0000998,ACC000648,CUST00455,NEFT,194114.3,INR,BRANCH,MERCH0086,ELECTRONICS,2026-01-30 14:31:35
TXN0000999,ACC000508,CUST00350,ATM_WITHDRAWAL,65077.14,INR,ATM,MERCH0016,GROCERY,2026-07-31 16:57:22
TXN0001000,ACC000059,CUST00071,CARD_PURCHASE,105261.44,USD,BRANCH,MERCH0064,FUEL,2026-03-10 17:45:03
TXN0001001,ACC000475,CUST00151,NEFT,224969.12,INR,MOBILE,MERCH0022,GROCERY,2026-09-04 14:43:26
TXN0001002,ACC000127,CUST00463,CARD_PURCHASE,65851.4,INR,POS,MERCH0096,GROCERY,2026-02-09 02:31:42
TXN0001003,ACC000642,CUST00037,NEFT,217366.0,INR,MOBILE,MERCH0089,ELECTRONICS,2026-07-11 20:25:17
TXN0001004,ACC000215,CUST00304,UPI,33103.11,INR,POS,MERCH0116,RESTAURANT,2025-11-22 13:27:38
TXN0001005,ACC000350,CUST00303,IMPS,31871.97,INR,WEB,MERCH0092,TRAVEL,2025-11-26 04:23:01
TXN0001006,ACC000665,CUST00307,UPI,84208.71,INR,ATM,MERCH0076,PHARMACY,2026-01-25 01:47:11
TXN0001007,ACC000369,CUST00299,ATM_WITHDRAWAL,26951.87,INR,MOBILE,MERCH0095,TRAVEL,2025-09-27 21:54:02
TXN0001008,ACC000614,CUST00463,CARD_PURCHASE,227669.45,INR,POS,MERCH0038,RESTAURANT,2025-11-04 00:31:18
TXN0001009,ACC000300,CUST00193,NEFT,183363.45,INR,BRANCH,MERCH0118,PHARMACY,2025-12-04 10:24:57
TXN0001010,ACC000634,CUST00418,UPI,38072.58,INR,BRANCH,MERCH0048,FUEL,2026-05-05 16:39:10
TXN0001011,ACC000006,CUST00198,CARD_PURCHASE,94849.85,INR,BRANCH,MERCH0093,PHARMACY,2026-01-20 07:46:26
TXN0001012,ACC000270,CUST00018,IMPS,236192.58,INR,ATM,MERCH0064,TRAVEL,2026-09-09 16:21:35
TXN0001013,ACC000485,CUST00196,UPI,141037.19,INR,BRANCH,MERCH0066,RESTAURANT,2026-04-06 06:49:14
TXN0001014,ACC000226,CUST00274,IMPS,80706.79,INR,WEB,MERCH0019,GROCERY,2026-06-20 16:02:52
TXN0001015,ACC000061,CUST00451,NEFT,107640.11,INR,BRANCH,MERCH0041,GROCERY,2026-05-29 04:11:21
TXN0001016,ACC000264,CUST00200,IMPS,71204.89,INR,ATM,MERCH0063,RESTAURANT,2026-04-27 09:32:55
TXN0001017,ACC000365,CUST00312,NEFT,221338.44,INR,ATM,MERCH0078,GROCERY,2026-01-14 18:15:56
TXN0001018,ACC000638,CUST00269,NEFT,166611.74,INR,WEB,MERCH0071,PHARMACY,2026-07-12 15:03:36
TXN0001019,ACC000187,CUST00438,NEFT,6847.26,INR,BRANCH,MERCH0069,ELECTRONICS,2026-04-27 04:17:29
TXN0001020,ACC000617,CUST00053,UPI,122096.59,INR,ATM,MERCH0027,TRAVEL,2026-04-18 18:20:29
TXN0001021,ACC000202,CUST00251,ATM_WITHDRAWAL,106631.38,INR,WEB,MERCH0107,RESTAURANT,2025-11-29 19:40:15
TXN0001022,ACC000552,CUST00182,IMPS,229499.62,INR,MOBILE,MERCH0057,RESTAURANT,2026-02-23 06:48:28
TXN0001023,ACC000080,CUST00331,CARD_PURCHASE,65771.5,INR,ATM,MERCH0094,FUEL,2026-05-19 22:00:52
TXN0001024,ACC000112,CUST00369,UPI,242110.21,INR,WEB,MERCH0094,GROCERY,2026-06-18 21:14:43
TXN0001025,ACC000159,CUST00334,IMPS,39190.23,INR,POS,MERCH0081,FUEL,2025-10-21 05:12:57
TXN0001026,ACC000594,CUST00475,ATM_WITHDRAWAL,168023.65,INR,ATM,MERCH0115,GROCERY,2025-12-07 20:42:58
TXN0001027,ACC000041,CUST00027,CARD_PURCHASE,25118.7,INR,BRANCH,MERCH0041,ELECTRONICS,2025-10-27 23:39:35
TXN0001028,ACC000153,CUST00381,ATM_WITHDRAWAL,165286.0,INR,MOBILE,MERCH0082,FUEL,2025-10-26 21:21:42
TXN0001029,ACC000450,CUST00455,UPI,61485.97,INR,WEB,MERCH0087,ELECTRONICS,2026-06-25 02:39:03
TXN0001030,ACC000688,CUST00191,IMPS,117534.15,INR,WEB,MERCH0094,RESTAURANT,2026-05-11 22:55:32
TXN0001031,ACC000068,CUST00471,IMPS,32956.66,INR,MOBILE,MERCH0067,FUEL,2026-09-11 23:02:38
TXN0001032,ACC000231,CUST00290,NEFT,809.4,INR,BRANCH,MERCH0079,ELECTRONICS,2026-08-28 07:03:20
TXN0001033,ACC000065,CUST00120,NEFT,9712.79,INR,BRANCH,MERCH0049,FUEL,2026-06-06 06:49:39
TXN0001034,ACC000010,CUST00113,ATM_WITHDRAWAL,58686.6,INR,BRANCH,MERCH0085,ELECTRONICS,2026-02-25 20:56:17
TXN0001035,ACC000174,CUST00211,IMPS,210174.56,INR,POS,MERCH0063,FUEL,2026-08-18 16:36:32
TXN0001036,ACC000416,CUST00331,CARD_PURCHASE,149464.55,INR,ATM,MERCH0013,ELECTRONICS,2026-01-02 00:14:02
TXN0001037,ACC000263,CUST00124,UPI,240730.11,INR,ATM,MERCH0054,RESTAURANT,2025-11-17 08:04:46
TXN0001038,ACC000398,CUST00194,IMPS,61856.59,INR,WEB,MERCH0060,TRAVEL,2026-06-26 18:00:28
TXN0001039,ACC000572,CUST00367,UPI,86901.17,INR,WEB,MERCH0100,RESTAURANT,2026-01-31 20:00:18
TXN0001040,ACC000288,CUST00363,CARD_PURCHASE,150268.69,INR,MOBILE,MERCH0038,TRAVEL,2026-04-16 15:45:42
TXN0001041,ACC000414,CUST00190,ATM_WITHDRAWAL,53784.39,INR,POS,MERCH0008,PHARMACY,2026-02-06 03:05:56
TXN0001042,ACC000010,CUST00113,IMPS,65408.7,INR,POS,MERCH0104,RESTAURANT,2026-02-22 19:29:17
TXN0001043,ACC000653,CUST00203,CARD_PURCHASE,99675.89,INR,ATM,MERCH0063,FUEL,2025-11-12 09:23:52
TXN0001044,ACC000080,CUST00331,NEFT,84966.99,INR,ATM,MERCH0058,RESTAURANT,2026-09-14 12:11:49
TXN0001045,ACC000326,CUST00443,NEFT,143130.7,INR,WEB,MERCH0100,FUEL,2026-02-18 08:08:44
TXN0001046,ACC000224,CUST00244,UPI,236969.97,INR,ATM,MERCH0017,PHARMACY,2025-10-31 23:18:42
TXN0001047,ACC000666,CUST00414,ATM_WITHDRAWAL,4989.78,INR,POS,MERCH0012,FUEL,2026-08-15 21:30:23
TXN0001048,ACC000035,CUST00480,IMPS,228058.02,INR,BRANCH,MERCH0009,FUEL,2026-07-04 16:05:46
TXN0001049,ACC000614,CUST00463,UPI,129667.06,INR,WEB,MERCH0021,PHARMACY,2026-08-04 01:49:07
TXN0001050,ACC000062,CUST00302,CARD_PURCHASE,214932.11,INR,WEB,MERCH0117,TRAVEL,2026-08-28 02:41:16
TXN0001051,ACC000152,CUST00500,IMPS,103354.69,INR,WEB,MERCH0002,GROCERY,2026-09-01 09:05:27
TXN0001052,ACC000246,CUST00162,UPI,188782.9,INR,BRANCH,MERCH0051,RESTAURANT,2026-07-28 19:53:15
TXN0001053,ACC000336,CUST00383,UPI,39244.81,INR,WEB,MERCH0081,FUEL,2026-01-13 20:54:28
TXN0001054,ACC000431,CUST00155,NEFT,8454.17,INR,POS,MERCH0084,RESTAURANT,2026-05-17 22:56:10
TXN0001055,ACC000542,CUST00237,NEFT,204575.79,INR,MOBILE,MERCH0010,GROCERY,2026-05-01 03:13:39
TXN0001056,ACC000198,CUST00239,ATM_WITHDRAWAL,180531.0,INR,POS,MERCH0003,GROCERY,2025-10-23 15:42:53
TXN0001057,ACC000467,CUST00023,ATM_WITHDRAWAL,151221.92,INR,BRANCH,MERCH0102,RESTAURANT,2026-01-25 11:49:12
TXN0001058,ACC000312,CUST00092,NEFT,207869.61,INR,ATM,MERCH0055,PHARMACY,2025-12-18 00:58:00
TXN0001059,ACC000032,CUST00090,UPI,75545.47,INR,MOBILE,MERCH0034,FUEL,2026-03-12 14:10:55
TXN0001060,ACC000403,CUST00194,ATM_WITHDRAWAL,117855.37,INR,MOBILE,MERCH0029,RESTAURANT,2026-08-08 13:34:28
TXN0001061,ACC000173,CUST00070,ATM_WITHDRAWAL,69646.69,INR,BRANCH,MERCH0065,ELECTRONICS,2025-10-07 13:28:39
TXN0001062,ACC000194,CUST00337,CARD_PURCHASE,4312.96,INR,POS,MERCH0048,PHARMACY,2025-12-26 05:26:05
TXN0001063,ACC000547,CUST00064,UPI,113073.07,INR,MOBILE,MERCH0051,ELECTRONICS,2026-04-22 13:03:29
TXN0001064,ACC000286,CUST00401,CARD_PURCHASE,92461.71,INR,ATM,MERCH0043,ELECTRONICS,2025-11-20 22:15:43
TXN0001065,ACC000482,CUST00318,UPI,23856.3,INR,POS,MERCH0076,ELECTRONICS,2026-06-07 23:11:48
TXN0001066,ACC000344,CUST00413,UPI,35341.23,INR,POS,MERCH0067,FUEL,2026-01-06 01:20:20
TXN0001067,ACC000332,CUST00274,ATM_WITHDRAWAL,190147.79,INR,POS,MERCH0033,RESTAURANT,2025-10-01 23:07:57
TXN0001068,ACC000153,CUST00381,IMPS,185130.38,INR,MOBILE,MERCH0042,FUEL,2026-04-01 18:27:19
TXN0001069,ACC000183,CUST00308,ATM_WITHDRAWAL,149686.54,INR,ATM,MERCH0089,ELECTRONICS,2025-12-17 21:38:46
TXN0001070,ACC000526,CUST00358,ATM_WITHDRAWAL,198676.0,INR,ATM,MERCH0084,ELECTRONICS,2026-08-11 07:52:52
TXN0001071,ACC000388,CUST00099,IMPS,115348.39,INR,BRANCH,MERCH0110,FUEL,2026-06-18 16:03:14
TXN0001072,ACC000504,CUST00378,UPI,230308.39,INR,MOBILE,MERCH0049,ELECTRONICS,2025-12-15 18:26:37
TXN0001073,ACC000178,CUST00427,UPI,40531.66,INR,WEB,MERCH0026,RESTAURANT,2025-12-26 00:17:28
TXN0001074,ACC000397,CUST00060,UPI,9775.1,INR,WEB,MERCH0081,PHARMACY,2026-08-27 14:18:19
TXN0001075,ACC000473,CUST00443,CARD_PURCHASE,34974.95,INR,POS,MERCH0052,GROCERY,2025-12-18 10:21:36
TXN0001076,ACC000200,CUST00260,IMPS,29404.64,EUR,ATM,MERCH0067,TRAVEL,2026-03-11 17:51:42
TXN0001077,ACC000061,CUST00451,ATM_WITHDRAWAL,222387.38,INR,WEB,MERCH0019,TRAVEL,2026-05-31 08:16:00
TXN0001078,ACC000479,CUST00472,ATM_WITHDRAWAL,171259.12,INR,ATM,MERCH0067,PHARMACY,2026-08-02 21:24:41
TXN0001079,ACC000142,CUST00206,IMPS,118032.79,INR,ATM,MERCH0119,FUEL,2025-12-14 14:24:56
TXN0001080,ACC000302,CUST00197,NEFT,41067.91,INR,POS,MERCH0002,TRAVEL,2025-11-17 04:27:22
TXN0001081,ACC000247,CUST00222,CARD_PURCHASE,44814.65,INR,MOBILE,MERCH0040,FUEL,2025-09-26 13:11:40
TXN0001082,ACC000432,CUST00319,NEFT,49824.92,INR,POS,MERCH0043,GROCERY,2026-01-14 23:45:35
TXN0001083,ACC000051,CUST00068,UPI,156246.94,INR,MOBILE,MERCH0045,FUEL,2025-12-25 08:42:40
TXN0001084,ACC000540,CUST00055,ATM_WITHDRAWAL,220836.96,INR,MOBILE,MERCH0119,ELECTRONICS,2025-09-29 19:04:28
TXN0001085,ACC000634,CUST00418,IMPS,71054.05,INR,POS,MERCH0075,FUEL,2026-08-20 18:13:07
TXN0001086,ACC000308,CUST00423,IMPS,91825.03,INR,ATM,MERCH0072,PHARMACY,2026-05-17 11:45:21
TXN0001087,ACC000179,CUST00152,NEFT,19378.26,INR,WEB,MERCH0036,ELECTRONICS,2026-03-28 09:52:50
TXN0001088,ACC000632,CUST00114,IMPS,140919.3,INR,BRANCH,MERCH0076,FUEL,2026-08-13 03:31:39
TXN0001089,ACC000472,CUST00433,CARD_PURCHASE,82546.75,INR,BRANCH,MERCH0078,TRAVEL,2026-03-11 04:45:24
TXN0001090,ACC000221,CUST00433,ATM_WITHDRAWAL,167127.54,INR,WEB,MERCH0001,ELECTRONICS,2026-03-01 17:06:29
TXN0001091,ACC000080,CUST00331,NEFT,22843.65,INR,WEB,MERCH0019,ELECTRONICS,2026-04-25 18:44:50
TXN0001092,ACC000252,CUST00003,CARD_PURCHASE,218654.78,INR,MOBILE,MERCH0018,PHARMACY,2026-04-23 19:14:50
TXN0001093,ACC000688,CUST00191,CARD_PURCHASE,106357.18,INR,ATM,MERCH0065,GROCERY,2026-04-30 08:23:23
TXN0001094,ACC000403,CUST00194,NEFT,140040.68,INR,POS,MERCH0091,RESTAURANT,2025-12-05 09:14:44
TXN0001095,ACC000485,CUST00196,IMPS,77947.34,INR,BRANCH,MERCH0011,PHARMACY,2026-02-28 20:34:53
TXN0001096,ACC000374,CUST00220,NEFT,238840.48,INR,ATM,MERCH0092,ELECTRONICS,2025-12-02 23:38:01
TXN0001097,ACC000029,CUST00192,CARD_PURCHASE,140125.86,INR,ATM,MERCH0088,GROCERY,2026-08-17 00:29:33
TXN0001098,ACC000213,CUST00237,ATM_WITHDRAWAL,224941.54,INR,WEB,MERCH0004,TRAVEL,2026-04-11 02:52:58
TXN0001099,ACC000097,CUST00243,CARD_PURCHASE,192688.49,INR,POS,MERCH0028,PHARMACY,2026-05-05 07:47:12
TXN0001100,ACC000387,CUST00231,ATM_WITHDRAWAL,219074.95,INR,WEB,MERCH0049,TRAVEL,2026-02-23 22:08:45
TXN0001101,ACC000235,CUST00162,NEFT,233298.78,EUR,WEB,MERCH0057,TRAVEL,2026-05-23 07:53:18
TXN0001102,ACC000306,CUST00464,ATM_WITHDRAWAL,48730.2,INR,ATM,MERCH0013,TRAVEL,2026-05-03 05:05:38
TXN0001103,ACC000593,CUST00032,IMPS,125703.31,INR,ATM,MERCH0005,FUEL,2026-09-01 19:50:17
TXN0001104,ACC000555,CUST00176,IMPS,160422.1,INR,ATM,MERCH0036,FUEL,2026-09-07 03:53:26
TXN0001105,ACC000668,CUST00156,UPI,242785.46,INR,POS,MERCH0078,FUEL,2026-02-19 01:30:57
TXN0001106,ACC000056,CUST00156,CARD_PURCHASE,122580.22,INR,BRANCH,MERCH0104,GROCERY,2026-07-08 18:03:37
TXN0001107,ACC000594,CUST00475,UPI,92389.77,INR,WEB,MERCH0091,FUEL,2026-01-01 06:43:54
TXN0001108,ACC000676,CUST00493,NEFT,217729.6,INR,POS,MERCH0107,GROCERY,2026-06-23 04:47:48
TXN0001109,ACC000584,CUST00255,UPI,110850.07,INR,ATM,MERCH0013,PHARMACY,2026-07-28 04:08:11
TXN0001110,ACC000035,CUST00480,IMPS,245851.02,INR,BRANCH,MERCH0095,GROCERY,2026-02-10 01:53:00
TXN0001111,ACC000020,CUST00067,IMPS,209320.01,INR,ATM,MERCH0115,FUEL,2026-07-30 17:55:15
TXN0001112,ACC000682,CUST00119,NEFT,226432.13,INR,ATM,MERCH0067,GROCERY,2026-07-30 02:04:07
TXN0001113,ACC000337,CUST00244,CARD_PURCHASE,104100.52,INR,MOBILE,MERCH0009,ELECTRONICS,2026-01-02 01:58:46
TXN0001114,ACC000222,CUST00363,ATM_WITHDRAWAL,36887.01,INR,WEB,MERCH0057,GROCERY,2026-03-08 05:35:29
TXN0001115,ACC000312,CUST00092,IMPS,152136.17,INR,POS,MERCH0023,FUEL,2026-02-12 12:13:37
TXN0001116,ACC000566,CUST00196,UPI,77798.02,INR,MOBILE,MERCH0044,RESTAURANT,2026-02-10 06:58:07
TXN0001117,ACC000084,CUST00045,ATM_WITHDRAWAL,209028.05,INR,POS,MERCH0012,GROCERY,2026-09-06 06:32:52
TXN0001118,ACC000542,CUST00237,UPI,45633.42,INR,ATM,MERCH0076,FUEL,2026-09-16 03:47:12
TXN0001119,ACC000488,CUST00398,UPI,191682.97,INR,WEB,MERCH0082,TRAVEL,2026-09-20 14:11:41
TXN0001120,ACC000302,CUST00197,CARD_PURCHASE,20327.92,INR,WEB,MERCH0040,FUEL,2025-12-21 21:03:50
TXN0001121,ACC000503,CUST00120,NEFT,186854.63,INR,ATM,MERCH0007,RESTAURANT,2026-01-24 01:30:19
TXN0001122,ACC000591,CUST00260,IMPS,44509.23,INR,ATM,MERCH0053,ELECTRONICS,2026-04-19 14:03:08
TXN0001123,ACC000215,CUST00304,NEFT,68207.13,INR,ATM,MERCH0034,FUEL,2026-02-07 09:37:11
TXN0001124,ACC000003,CUST00116,CARD_PURCHASE,66143.64,INR,BRANCH,MERCH0047,TRAVEL,2025-10-21 15:30:58
TXN0001125,ACC000152,CUST00500,ATM_WITHDRAWAL,112423.79,INR,WEB,MERCH0005,PHARMACY,2026-06-17 22:31:50
TXN0001126,ACC000613,CUST00321,CARD_PURCHASE,38934.5,INR,POS,MERCH0045,FUEL,2025-11-12 23:00:39
TXN0001127,ACC000190,CUST00249,IMPS,51869.66,INR,BRANCH,MERCH0071,FUEL,2026-01-24 15:33:34
TXN0001128,ACC000556,CUST00351,IMPS,22698.47,INR,ATM,MERCH0028,RESTAURANT,2026-08-21 16:42:45
TXN0001129,ACC000360,CUST00242,IMPS,7871.7,INR,WEB,MERCH0061,ELECTRONICS,2026-08-09 01:49:13
TXN0001130,ACC000069,CUST00400,CARD_PURCHASE,146709.32,INR,POS,MERCH0085,PHARMACY,2026-06-21 12:36:51
TXN0001131,ACC000032,CUST00090,UPI,80599.79,INR,ATM,MERCH0112,GROCERY,2025-12-26 14:40:43
TXN0001132,ACC000593,CUST00032,NEFT,105357.73,INR,MOBILE,MERCH0024,TRAVEL,2026-07-27 16:34:35
TXN0001133,ACC000509,CUST00097,IMPS,40694.78,INR,MOBILE,MERCH0057,PHARMACY,2026-04-18 18:32:16
TXN0001134,ACC000682,CUST00119,CARD_PURCHASE,148397.75,INR,POS,MERCH0061,ELECTRONICS,2026-05-04 13:43:52
TXN0001135,ACC000302,CUST00197,IMPS,180845.88,INR,POS,MERCH0087,RESTAURANT,2025-11-10 17:37:15
TXN0001136,ACC000254,CUST00147,IMPS,10041.84,INR,WEB,MERCH0098,PHARMACY,2025-10-29 06:01:26
TXN0001137,ACC000575,CUST00374,UPI,105252.29,INR,BRANCH,MERCH0052,PHARMACY,2026-09-13 00:58:31
TXN0001138,ACC000298,CUST00049,UPI,41014.85,INR,ATM,MERCH0114,PHARMACY,2026-07-23 06:53:39
TXN0001139,ACC000052,CUST00099,ATM_WITHDRAWAL,49623.55,USD,WEB,MERCH0017,FUEL,2026-04-06 19:15:35
TXN0001140,ACC000445,CUST00293,IMPS,197144.47,INR,MOBILE,MERCH0040,ELECTRONICS,2026-06-23 19:47:03
TXN0001141,ACC000612,CUST00221,IMPS,114683.79,INR,MOBILE,MERCH0085,ELECTRONICS,2026-03-25 11:38:38
TXN0001142,ACC000358,CUST00091,NEFT,220739.86,INR,MOBILE,MERCH0024,ELECTRONICS,2026-04-17 15:21:47
TXN0001143,ACC000517,CUST00237,NEFT,109142.85,INR,WEB,MERCH0088,PHARMACY,2026-01-21 11:20:13
TXN0001144,ACC000443,CUST00149,IMPS,1246.15,INR,MOBILE,MERCH0061,PHARMACY,2025-11-01 10:19:30
TXN0001145,ACC000377,CUST00403,CARD_PURCHASE,174697.95,INR,POS,MERCH0107,RESTAURANT,2026-08-01 05:35:44
TXN0001146,ACC000631,CUST00424,NEFT,190766.41,INR,WEB,MERCH0041,ELECTRONICS,2026-08-08 15:03:47
TXN0001147,ACC000595,CUST00259,CARD_PURCHASE,193317.38,INR,POS,MERCH0077,RESTAURANT,2026-05-14 07:59:20
TXN0001148,ACC000078,CUST00229,ATM_WITHDRAWAL,17923.48,INR,BRANCH,MERCH0004,ELECTRONICS,2025-12-19 04:55:29
TXN0001149,ACC000506,CUST00062,ATM_WITHDRAWAL,44548.23,INR,ATM,MERCH0044,PHARMACY,2026-06-28 09:19:26
TXN0001150,ACC000107,CUST00375,UPI,152645.53,INR,MOBILE,MERCH0083,ELECTRONICS,2026-02-04 00:14:14
TXN0001151,ACC000290,CUST00245,NEFT,124992.42,INR,ATM,MERCH0056,GROCERY,2026-06-27 09:38:00
TXN0001152,ACC000296,CUST00311,IMPS,96022.79,INR,WEB,MERCH0037,TRAVEL,2026-06-21 09:54:29
TXN0001153,ACC000654,CUST00343,CARD_PURCHASE,168821.48,INR,ATM,MERCH0054,ELECTRONICS,2026-05-30 04:57:56
TXN0001154,ACC000282,CUST00085,NEFT,99560.05,INR,MOBILE,MERCH0060,GROCERY,2026-04-24 21:46:48
TXN0001155,ACC000635,CUST00135,IMPS,171519.54,INR,POS,MERCH0103,GROCERY,2026-08-06 14:26:40
TXN0001156,ACC000261,CUST00164,NEFT,79763.25,INR,POS,MERCH0088,RESTAURANT,2025-12-17 16:56:28
TXN0001157,ACC000640,CUST00046,UPI,121539.98,INR,POS,MERCH0055,GROCERY,2026-03-21 10:13:52
TXN0001158,ACC000663,CUST00429,IMPS,106251.05,INR,MOBILE,MERCH0078,RESTAURANT,2026-01-04 05:57:09
TXN0001159,ACC000180,CUST00218,ATM_WITHDRAWAL,93212.6,INR,ATM,MERCH0109,PHARMACY,2026-05-02 17:55:49
TXN0001160,ACC000681,CUST00347,IMPS,27926.92,INR,POS,MERCH0069,RESTAURANT,2026-08-12 15:14:57
TXN0001161,ACC000533,CUST00484,UPI,37605.3,INR,BRANCH,MERCH0034,ELECTRONICS,2025-10-12 09:19:14
TXN0001162,ACC000481,CUST00435,ATM_WITHDRAWAL,203210.65,INR,POS,MERCH0056,GROCERY,2026-03-19 11:11:03
TXN0001163,ACC000640,CUST00046,CARD_PURCHASE,70435.67,INR,POS,MERCH0059,TRAVEL,2026-05-20 01:08:11
TXN0001164,ACC000631,CUST00424,UPI,222292.59,INR,ATM,MERCH0055,TRAVEL,2026-03-10 18:42:01
TXN0001165,ACC000470,CUST00296,IMPS,191710.77,INR,ATM,MERCH0023,TRAVEL,2026-04-02 19:03:43
TXN0001166,ACC000137,CUST00217,IMPS,104270.89,INR,ATM,MERCH0082,GROCERY,2026-05-09 06:33:10
TXN0001167,ACC000396,CUST00291,ATM_WITHDRAWAL,27929.7,INR,BRANCH,MERCH0095,RESTAURANT,2026-03-10 02:58:44
TXN0001168,ACC000440,CUST00496,NEFT,43816.66,INR,WEB,MERCH0094,ELECTRONICS,2025-10-16 20:06:04
TXN0001169,ACC000574,CUST00117,CARD_PURCHASE,107780.83,INR,POS,MERCH0089,PHARMACY,2025-11-27 06:27:46
TXN0001170,ACC000020,CUST00067,NEFT,229694.6,INR,BRANCH,MERCH0073,RESTAURANT,2025-09-30 07:34:32
TXN0001171,ACC000475,CUST00151,UPI,19143.27,INR,WEB,MERCH0078,FUEL,2026-04-27 04:38:27
TXN0001172,ACC000169,CUST00186,UPI,95484.43,USD,MOBILE,MERCH0044,FUEL,2026-03-14 21:28:28
TXN0001173,ACC000669,CUST00484,IMPS,105638.25,INR,ATM,MERCH0093,FUEL,2026-04-26 19:40:04
TXN0001174,ACC000048,CUST00495,UPI,209214.96,INR,MOBILE,MERCH0102,ELECTRONICS,2026-06-01 06:28:24
TXN0001175,ACC000175,CUST00104,ATM_WITHDRAWAL,65251.33,INR,BRANCH,MERCH0070,ELECTRONICS,2025-10-14 01:48:45
TXN0001176,ACC000328,CUST00321,UPI,93565.35,INR,POS,MERCH0036,FUEL,2026-09-04 15:17:47
TXN0001177,ACC000643,CUST00284,NEFT,69220.68,INR,BRANCH,MERCH0052,ELECTRONICS,2026-02-03 17:20:34
TXN0001178,ACC000228,CUST00151,IMPS,68177.12,INR,MOBILE,MERCH0101,RESTAURANT,2026-03-25 19:55:39
TXN0001179,ACC000243,CUST00076,NEFT,68699.42,INR,ATM,MERCH0013,ELECTRONICS,2026-08-24 15:51:08
TXN0001180,ACC000687,CUST00011,NEFT,4528.05,INR,MOBILE,MERCH0079,TRAVEL,2026-06-23 00:43:27
TXN0001181,ACC000100,CUST00064,ATM_WITHDRAWAL,206745.47,INR,BRANCH,MERCH0043,PHARMACY,2025-11-18 03:47:23
TXN0001182,ACC000096,CUST00147,CARD_PURCHASE,118905.97,INR,ATM,MERCH0044,TRAVEL,2025-10-16 11:53:25
TXN0001183,ACC000119,CUST00225,IMPS,205658.95,INR,POS,MERCH0027,PHARMACY,2026-06-13 14:12:47
TXN0001184,ACC000434,CUST00139,NEFT,168249.76,INR,MOBILE,MERCH0085,PHARMACY,2026-02-06 08:48:32
TXN0001185,ACC000588,CUST00346,UPI,157849.7,INR,ATM,MERCH0011,ELECTRONICS,2025-10-17 03:08:17
TXN0001186,ACC000602,CUST00414,ATM_WITHDRAWAL,92304.17,INR,ATM,MERCH0058,FUEL,2026-06-27 21:47:24
TXN0001187,ACC000416,CUST00331,CARD_PURCHASE,7400.85,INR,WEB,MERCH0080,TRAVEL,2026-01-06 22:47:45
TXN0001188,ACC000329,CUST00443,ATM_WITHDRAWAL,107888.38,EUR,MOBILE,MERCH0097,TRAVEL,2026-04-30 23:56:09
TXN0001189,ACC000045,CUST00210,ATM_WITHDRAWAL,186015.56,EUR,POS,MERCH0118,PHARMACY,2025-12-28 14:22:11
TXN0001190,ACC000167,CUST00354,NEFT,94613.43,INR,MOBILE,MERCH0013,RESTAURANT,2026-09-04 21:42:09
TXN0001191,ACC000682,CUST00119,NEFT,52834.18,INR,ATM,MERCH0023,ELECTRONICS,2026-07-01 08:40:00
TXN0001192,ACC000229,CUST00128,CARD_PURCHASE,137522.09,INR,WEB,MERCH0054,PHARMACY,2025-10-02 10:28:59
TXN0001193,ACC000160,CUST00294,IMPS,79857.68,INR,MOBILE,MERCH0086,FUEL,2026-06-25 20:47:41
TXN0001194,ACC000571,CUST00268,IMPS,125581.14,INR,WEB,MERCH0110,RESTAURANT,2026-05-11 20:46:26
TXN0001195,ACC000688,CUST00191,CARD_PURCHASE,189209.48,INR,POS,MERCH0021,ELECTRONICS,2026-03-31 08:07:34
TXN0001196,ACC000635,CUST00135,CARD_PURCHASE,72109.07,INR,ATM,MERCH0098,RESTAURANT,2026-03-08 01:04:26
TXN0001197,ACC000599,CUST00154,NEFT,170841.11,INR,BRANCH,MERCH0084,RESTAURANT,2026-06-22 05:13:58
TXN0001198,ACC000100,CUST00064,CARD_PURCHASE,102579.35,INR,BRANCH,MERCH0029,ELECTRONICS,2026-07-15 13:50:49
TXN0001199,ACC000028,CUST00140,ATM_WITHDRAWAL,154983.87,EUR,BRANCH,MERCH0074,FUEL,2025-11-12 12:25:21
TXN0001200,ACC000613,CUST00321,CARD_PURCHASE,236372.8,INR,WEB,MERCH0022,PHARMACY,2026-02-22 14:43:40
TXN0001201,ACC000193,CUST00301,CARD_PURCHASE,171093.92,INR,MOBILE,MERCH0096,PHARMACY,2025-12-14 07:17:42
TXN0001202,ACC000181,CUST00126,CARD_PURCHASE,138018.82,INR,WEB,MERCH0059,TRAVEL,2026-06-05 17:52:40
TXN0001203,ACC000474,CUST00100,NEFT,43811.0,INR,WEB,MERCH0042,ELECTRONICS,2026-03-16 07:26:02
TXN0001204,ACC000607,CUST00099,IMPS,16212.56,INR,BRANCH,MERCH0060,RESTAURANT,2026-01-20 01:13:41
TXN0001205,ACC000415,CUST00437,NEFT,170920.94,INR,WEB,MERCH0102,ELECTRONICS,2026-04-18 19:39:31
TXN0001206,ACC000556,CUST00351,CARD_PURCHASE,125058.73,INR,BRANCH,MERCH0108,TRAVEL,2026-06-19 11:52:40
TXN0001207,ACC000063,CUST00320,NEFT,61223.41,INR,MOBILE,MERCH0001,FUEL,2026-06-10 17:48:18
TXN0001208,ACC000458,CUST00130,UPI,170509.08,INR,BRANCH,MERCH0061,RESTAURANT,2026-01-18 01:05:39
TXN0001209,ACC000039,CUST00481,UPI,195762.85,INR,BRANCH,MERCH0016,FUEL,2026-01-28 02:14:25
TXN0001210,ACC000420,CUST00497,ATM_WITHDRAWAL,161775.86,INR,MOBILE,MERCH0057,RESTAURANT,2025-12-21 01:06:14
TXN0001211,ACC000156,CUST00337,UPI,73247.84,INR,MOBILE,MERCH0047,RESTAURANT,2026-05-01 00:54:10
TXN0001212,ACC000577,CUST00362,ATM_WITHDRAWAL,157320.76,INR,MOBILE,MERCH0014,ELECTRONICS,2026-07-28 19:13:36
TXN0001213,ACC000331,CUST00073,IMPS,189487.53,INR,MOBILE,MERCH0093,ELECTRONICS,2026-08-27 22:04:02
TXN0001214,ACC000580,CUST00464,IMPS,103229.13,INR,WEB,MERCH0102,RESTAURANT,2026-04-06 23:55:49
TXN0001215,ACC000428,CUST00222,NEFT,66134.28,INR,MOBILE,MERCH0059,FUEL,2026-02-26 20:17:08
TXN0001216,ACC000116,CUST00447,CARD_PURCHASE,188128.09,INR,ATM,MERCH0038,FUEL,2025-11-16 17:47:48
TXN0001217,ACC000032,CUST00090,CARD_PURCHASE,82672.0,INR,ATM,MERCH0073,TRAVEL,2026-07-16 07:52:59
TXN0001218,ACC000059,CUST00071,ATM_WITHDRAWAL,8945.8,INR,BRANCH,MERCH0037,GROCERY,2026-04-19 07:00:04
TXN0001219,ACC000478,CUST00001,NEFT,220043.85,INR,ATM,MERCH0040,FUEL,2026-06-13 07:49:33
TXN0001220,ACC000316,CUST00162,NEFT,141914.31,INR,POS,MERCH0087,TRAVEL,2026-05-07 15:29:42
TXN0001221,ACC000506,CUST00062,NEFT,185935.85,INR,WEB,MERCH0078,TRAVEL,2026-01-21 20:24:49
TXN0001222,ACC000093,CUST00454,CARD_PURCHASE,64333.87,INR,WEB,MERCH0075,TRAVEL,2026-08-22 18:42:41
TXN0001223,ACC000534,CUST00456,NEFT,146062.85,INR,BRANCH,MERCH0096,PHARMACY,2025-09-24 08:35:52
TXN0001224,ACC000030,CUST00195,CARD_PURCHASE,119248.81,INR,ATM,MERCH0083,ELECTRONICS,2026-05-16 11:16:45
TXN0001225,ACC000541,CUST00499,ATM_WITHDRAWAL,213154.09,INR,ATM,MERCH0049,RESTAURANT,2025-10-12 07:10:19
TXN0001226,ACC000543,CUST00493,NEFT,217696.86,INR,POS,MERCH0115,RESTAURANT,2026-06-25 06:49:41
TXN0001227,ACC000534,CUST00456,UPI,167189.52,INR,WEB,MERCH0040,ELECTRONICS,2026-07-11 17:34:58
TXN0001228,ACC000231,CUST00290,NEFT,37530.63,INR,MOBILE,MERCH0084,ELECTRONICS,2026-02-07 21:30:24
TXN0001229,ACC000380,CUST00407,IMPS,124702.57,INR,MOBILE,MERCH0108,FUEL,2026-05-07 20:51:23
TXN0001230,ACC000562,CUST00087,ATM_WITHDRAWAL,224534.69,INR,ATM,MERCH0086,GROCERY,2025-11-07 04:58:37
TXN0001231,ACC000500,CUST00014,CARD_PURCHASE,156604.24,INR,BRANCH,MERCH0009,TRAVEL,2026-07-19 13:26:14
TXN0001232,ACC000041,CUST00027,ATM_WITHDRAWAL,240414.43,INR,BRANCH,MERCH0112,GROCERY,2025-10-19 07:20:24
TXN0001233,ACC000570,CUST00056,UPI,111663.75,INR,WEB,MERCH0033,FUEL,2026-05-18 02:56:53
TXN0001234,ACC000115,CUST00044,NEFT,172427.86,INR,WEB,MERCH0030,FUEL,2025-10-16 10:30:36
TXN0001235,ACC000336,CUST00383,CARD_PURCHASE,44365.89,USD,ATM,MERCH0071,TRAVEL,2026-04-15 11:16:47
TXN0001236,ACC000317,CUST00500,UPI,185780.18,INR,MOBILE,MERCH0116,ELECTRONICS,2026-03-01 09:31:02
TXN0001237,ACC000499,CUST00154,ATM_WITHDRAWAL,75697.19,INR,WEB,MERCH0075,PHARMACY,2026-07-02 09:05:07
TXN0001238,ACC000108,CUST00358,CARD_PURCHASE,116073.18,INR,MOBILE,MERCH0041,FUEL,2025-11-23 08:00:26
TXN0001239,ACC000081,CUST00245,UPI,49114.49,INR,MOBILE,MERCH0061,ELECTRONICS,2026-07-03 05:22:01
TXN0001240,ACC000360,CUST00242,UPI,135596.78,INR,POS,MERCH0039,PHARMACY,2025-12-06 07:25:38
TXN0001241,ACC000252,CUST00003,UPI,145432.57,INR,MOBILE,MERCH0093,RESTAURANT,2025-12-27 08:25:36
TXN0001242,ACC000644,CUST00019,NEFT,147238.5,INR,POS,MERCH0001,TRAVEL,2026-05-13 08:04:15
TXN0001243,ACC000361,CUST00330,CARD_PURCHASE,150342.52,INR,WEB,MERCH0043,PHARMACY,2026-07-19 05:10:21
TXN0001244,ACC000475,CUST00151,CARD_PURCHASE,128554.92,INR,ATM,MERCH0034,PHARMACY,2026-07-13 10:10:17
TXN0001245,ACC000606,CUST00214,NEFT,85292.16,INR,BRANCH,MERCH0040,FUEL,2025-11-30 09:01:29
TXN0001246,ACC000344,CUST00413,CARD_PURCHASE,27876.4,INR,WEB,MERCH0063,GROCERY,2026-08-12 07:06:11
TXN0001247,ACC000593,CUST00032,IMPS,223342.87,INR,POS,MERCH0021,ELECTRONICS,2025-12-01 02:42:31
TXN0001248,ACC000646,CUST00200,UPI,190111.85,INR,MOBILE,MERCH0119,RESTAURANT,2025-10-03 04:17:28
TXN0001249,ACC000629,CUST00069,IMPS,159474.37,INR,WEB,MERCH0025,GROCERY,2026-05-31 22:21:33
TXN0001250,ACC000634,CUST00418,NEFT,53311.98,INR,ATM,MERCH0099,PHARMACY,2026-09-17 10:44:04
TXN0001251,ACC000259,CUST00368,CARD_PURCHASE,25738.25,INR,BRANCH,MERCH0027,PHARMACY,2026-04-01 22:56:56
TXN0001252,ACC000564,CUST00427,NEFT,80948.12,INR,POS,MERCH0101,ELECTRONICS,2026-07-01 17:07:01
TXN0001253,ACC000112,CUST00369,NEFT,152534.71,INR,BRANCH,MERCH0061,FUEL,2025-11-07 03:16:07
TXN0001254,ACC000474,CUST00100,ATM_WITHDRAWAL,197189.27,INR,ATM,MERCH0030,TRAVEL,2026-01-28 13:57:18
TXN0001255,ACC000375,CUST00097,CARD_PURCHASE,233583.15,INR,ATM,MERCH0019,TRAVEL,2025-10-26 07:58:22
TXN0001256,ACC000569,CUST00400,IMPS,181680.14,INR,ATM,MERCH0058,TRAVEL,2025-10-28 07:05:43
TXN0001257,ACC000325,CUST00434,CARD_PURCHASE,140825.97,INR,MOBILE,MERCH0098,RESTAURANT,2026-02-25 10:51:18
TXN0001258,ACC000027,CUST00039,UPI,242170.3,INR,WEB,MERCH0059,TRAVEL,2026-05-02 15:32:30
TXN0001259,ACC000567,CUST00221,UPI,204635.08,INR,ATM,MERCH0038,TRAVEL,2026-06-20 22:34:31
TXN0001260,ACC000019,CUST00102,UPI,80468.23,INR,ATM,MERCH0072,PHARMACY,2026-06-14 21:24:02
TXN0001261,ACC000025,CUST00379,NEFT,199370.68,INR,POS,MERCH0110,TRAVEL,2026-02-19 04:45:12
TXN0001262,ACC000104,CUST00022,UPI,18615.98,INR,POS,MERCH0093,PHARMACY,2026-07-31 07:47:20
TXN0001263,ACC000619,CUST00101,CARD_PURCHASE,238011.82,INR,POS,MERCH0089,FUEL,2026-02-27 00:18:50
TXN0001264,ACC000138,CUST00199,CARD_PURCHASE,62469.03,EUR,BRANCH,MERCH0049,GROCERY,2026-02-16 19:20:03
TXN0001265,ACC000130,CUST00158,UPI,14038.08,INR,BRANCH,MERCH0048,RESTAURANT,2026-06-19 04:30:21
TXN0001266,ACC000060,CUST00462,IMPS,27766.59,INR,MOBILE,MERCH0042,FUEL,2026-03-24 23:14:46
TXN0001267,ACC000423,CUST00252,CARD_PURCHASE,206079.43,INR,BRANCH,MERCH0039,PHARMACY,2025-11-14 12:26:57
TXN0001268,ACC000266,CUST00091,NEFT,140463.48,INR,ATM,MERCH0074,PHARMACY,2026-08-16 18:32:04
TXN0001269,ACC000566,CUST00196,IMPS,139173.04,INR,MOBILE,MERCH0018,GROCERY,2026-02-02 01:11:30
TXN0001270,ACC000571,CUST00268,IMPS,239300.46,INR,POS,MERCH0096,ELECTRONICS,2025-12-01 19:02:02
TXN0001271,ACC000135,CUST00031,NEFT,80323.57,INR,ATM,MERCH0043,ELECTRONICS,2025-10-28 22:57:28
TXN0001272,ACC000247,CUST00222,IMPS,63846.89,INR,MOBILE,MERCH0018,GROCERY,2026-01-20 13:59:54
TXN0001273,ACC000184,CUST00057,CARD_PURCHASE,106838.46,INR,MOBILE,MERCH0107,PHARMACY,2026-02-06 15:44:59
TXN0001274,ACC000303,CUST00103,UPI,228246.42,INR,MOBILE,MERCH0073,RESTAURANT,2025-11-29 15:02:13
TXN0001275,ACC000680,CUST00131,UPI,239947.47,INR,ATM,MERCH0102,PHARMACY,2026-06-23 09:36:56
TXN0001276,ACC000359,CUST00216,CARD_PURCHASE,70668.78,INR,MOBILE,MERCH0095,GROCERY,2026-03-07 20:42:05
TXN0001277,ACC000302,CUST00197,ATM_WITHDRAWAL,23044.96,INR,MOBILE,MERCH0069,ELECTRONICS,2026-08-29 02:55:21
TXN0001278,ACC000201,CUST00006,ATM_WITHDRAWAL,211576.37,INR,POS,MERCH0079,FUEL,2025-12-28 14:23:21
TXN0001279,ACC000385,CUST00432,NEFT,187979.32,INR,POS,MERCH0105,TRAVEL,2026-04-03 18:49:09
TXN0001280,ACC000078,CUST00229,CARD_PURCHASE,112827.63,INR,WEB,MERCH0084,TRAVEL,2025-10-26 23:09:14
TXN0001281,ACC000217,CUST00497,UPI,45426.64,INR,POS,MERCH0068,FUEL,2025-12-02 09:43:50
TXN0001282,ACC000437,CUST00308,CARD_PURCHASE,222350.35,INR,ATM,MERCH0001,PHARMACY,2025-12-31 21:32:06
TXN0001283,ACC000107,CUST00375,CARD_PURCHASE,4727.72,INR,POS,MERCH0020,TRAVEL,2026-02-24 15:01:30
TXN0001284,ACC000208,CUST00435,NEFT,146098.28,INR,BRANCH,MERCH0059,FUEL,2025-12-08 15:14:33
TXN0001285,ACC000155,CUST00127,NEFT,192484.26,INR,ATM,MERCH0115,FUEL,2025-12-18 17:53:13
TXN0001286,ACC000287,CUST00016,ATM_WITHDRAWAL,38159.67,INR,WEB,MERCH0040,ELECTRONICS,2026-02-05 02:52:29
TXN0001287,ACC000164,CUST00252,UPI,6565.86,INR,MOBILE,MERCH0100,ELECTRONICS,2026-05-31 02:01:26
TXN0001288,ACC000124,CUST00346,ATM_WITHDRAWAL,87136.41,INR,ATM,MERCH0119,ELECTRONICS,2026-05-25 13:30:11
TXN0001289,ACC000383,CUST00201,NEFT,50433.34,INR,ATM,MERCH0030,ELECTRONICS,2025-10-23 09:43:11
TXN0001290,ACC000051,CUST00068,IMPS,6833.84,INR,POS,MERCH0016,RESTAURANT,2026-01-31 15:52:07
TXN0001291,ACC000642,CUST00037,UPI,110993.68,INR,WEB,MERCH0049,GROCERY,2026-03-16 03:51:09
TXN0001292,ACC000531,CUST00046,CARD_PURCHASE,109642.33,INR,POS,MERCH0076,GROCERY,2026-07-10 16:52:28
TXN0001293,ACC000432,CUST00319,UPI,242311.25,INR,BRANCH,MERCH0093,PHARMACY,2025-10-28 05:51:02
TXN0001294,ACC000600,CUST00323,UPI,40729.12,INR,POS,MERCH0095,PHARMACY,2026-04-13 04:14:38
TXN0001295,ACC000464,CUST00385,IMPS,187423.15,INR,WEB,MERCH0027,GROCERY,2025-12-30 20:01:03
TXN0001296,ACC000222,CUST00363,ATM_WITHDRAWAL,89971.02,INR,MOBILE,MERCH0059,GROCERY,2025-09-29 15:35:45
TXN0001297,ACC000389,CUST00049,UPI,95013.48,INR,MOBILE,MERCH0046,TRAVEL,2026-08-29 05:07:44
TXN0001298,ACC000108,CUST00358,IMPS,209135.29,INR,ATM,MERCH0030,FUEL,2026-05-15 03:15:45
TXN0001299,ACC000487,CUST00083,UPI,162611.66,INR,POS,MERCH0003,TRAVEL,2025-10-15 09:05:04
TXN0001300,ACC000295,CUST00257,IMPS,11351.92,INR,WEB,MERCH0073,GROCERY,2026-04-26 02:15:36
TXN0001301,ACC000155,CUST00127,NEFT,129660.32,INR,POS,MERCH0098,GROCERY,2025-10-14 16:43:47
TXN0001302,ACC000675,CUST00208,UPI,149055.16,INR,ATM,MERCH0048,PHARMACY,2026-06-13 20:45:59
TXN0001303,ACC000007,CUST00431,CARD_PURCHASE,205814.44,INR,WEB,MERCH0120,PHARMACY,2026-02-13 15:25:45
TXN0001304,ACC000535,CUST00108,NEFT,185494.25,INR,WEB,MERCH0047,GROCERY,2025-10-28 19:28:53
TXN0001305,ACC000627,CUST00371,NEFT,7504.73,INR,POS,MERCH0081,TRAVEL,2025-11-26 04:06:11
TXN0001306,ACC000610,CUST00235,IMPS,155482.17,INR,MOBILE,MERCH0043,GROCERY,2025-09-22 09:33:42
TXN0001307,ACC000464,CUST00385,CARD_PURCHASE,8565.35,INR,POS,MERCH0006,PHARMACY,2026-04-15 05:12:43
TXN0001308,ACC000201,CUST00006,CARD_PURCHASE,190627.95,INR,WEB,MERCH0021,GROCERY,2025-09-26 14:41:13
TXN0001309,ACC000106,CUST00228,UPI,87173.11,INR,POS,MERCH0009,GROCERY,2025-09-23 12:53:28
TXN0001310,ACC000048,CUST00495,CARD_PURCHASE,116113.69,INR,BRANCH,MERCH0057,ELECTRONICS,2026-01-26 16:00:00
TXN0001311,ACC000549,CUST00389,ATM_WITHDRAWAL,202358.19,INR,POS,MERCH0061,TRAVEL,2026-02-18 03:36:35
TXN0001312,ACC000107,CUST00375,NEFT,80725.89,INR,BRANCH,MERCH0086,FUEL,2026-01-18 16:02:00
TXN0001313,ACC000505,CUST00372,UPI,119452.68,INR,BRANCH,MERCH0026,ELECTRONICS,2025-10-02 11:11:49
TXN0001314,ACC000655,CUST00377,NEFT,128688.36,INR,WEB,MERCH0029,FUEL,2026-07-29 10:20:36
TXN0001315,ACC000451,CUST00367,UPI,185798.88,INR,ATM,MERCH0114,PHARMACY,2026-09-08 06:00:37
TXN0001316,ACC000630,CUST00165,UPI,62452.2,INR,ATM,MERCH0043,FUEL,2026-04-30 08:19:26
TXN0001317,ACC000332,CUST00274,CARD_PURCHASE,167092.41,INR,BRANCH,MERCH0114,TRAVEL,2026-04-28 12:23:12
TXN0001318,ACC000273,CUST00126,NEFT,81992.72,INR,WEB,MERCH0075,FUEL,2026-02-14 07:10:19
TXN0001319,ACC000427,CUST00366,UPI,186986.51,INR,MOBILE,MERCH0102,ELECTRONICS,2026-08-21 11:15:00
TXN0001320,ACC000630,CUST00165,NEFT,3590.29,INR,WEB,MERCH0021,RESTAURANT,2025-10-18 16:12:06
TXN0001321,ACC000181,CUST00126,IMPS,2938.01,INR,ATM,MERCH0025,FUEL,2025-11-27 16:15:57
TXN0001322,ACC000362,CUST00450,ATM_WITHDRAWAL,101420.16,EUR,POS,MERCH0080,TRAVEL,2025-12-03 22:13:39
TXN0001323,ACC000216,CUST00467,ATM_WITHDRAWAL,109971.35,INR,BRANCH,MERCH0119,TRAVEL,2026-05-26 21:53:13
TXN0001324,ACC000296,CUST00311,IMPS,249171.46,INR,ATM,MERCH0104,RESTAURANT,2026-05-20 20:23:50
TXN0001325,ACC000355,CUST00310,ATM_WITHDRAWAL,114084.44,INR,ATM,MERCH0098,PHARMACY,2026-04-03 05:01:13
TXN0001326,ACC000033,CUST00095,IMPS,15788.81,INR,MOBILE,MERCH0070,ELECTRONICS,2025-12-01 07:49:19
TXN0001327,ACC000349,CUST00098,UPI,56788.99,INR,MOBILE,MERCH0016,PHARMACY,2026-04-17 14:00:11
TXN0001328,ACC000265,CUST00465,IMPS,31583.55,INR,POS,MERCH0056,PHARMACY,2025-12-15 12:50:20
TXN0001329,ACC000396,CUST00291,UPI,241573.47,USD,WEB,MERCH0051,PHARMACY,2026-02-02 19:23:29
TXN0001330,ACC000285,CUST00242,NEFT,35435.69,INR,MOBILE,MERCH0026,FUEL,2025-10-29 09:14:01
TXN0001331,ACC000469,CUST00181,IMPS,131398.42,INR,BRANCH,MERCH0111,PHARMACY,2026-08-26 09:58:52
TXN0001332,ACC000606,CUST00214,ATM_WITHDRAWAL,11758.34,INR,BRANCH,MERCH0030,FUEL,2026-06-14 01:09:23
TXN0001333,ACC000274,CUST00365,ATM_WITHDRAWAL,41696.7,INR,WEB,MERCH0082,FUEL,2026-09-11 03:37:55
TXN0001334,ACC000048,CUST00495,ATM_WITHDRAWAL,56572.11,INR,WEB,MERCH0070,PHARMACY,2025-11-20 19:05:13
TXN0001335,ACC000420,CUST00497,CARD_PURCHASE,214575.22,INR,POS,MERCH0038,RESTAURANT,2026-05-12 15:13:37
TXN0001336,ACC000648,CUST00455,ATM_WITHDRAWAL,243002.5,INR,POS,MERCH0042,ELECTRONICS,2026-02-14 00:56:54
TXN0001337,ACC000586,CUST00425,IMPS,98.4,INR,BRANCH,MERCH0086,TRAVEL,2026-05-02 15:22:31
TXN0001338,ACC000232,CUST00107,NEFT,230763.81,INR,MOBILE,MERCH0008,RESTAURANT,2025-11-29 10:32:18
TXN0001339,ACC000046,CUST00088,NEFT,35956.45,INR,WEB,MERCH0051,ELECTRONICS,2026-09-02 22:14:24
TXN0001340,ACC000274,CUST00365,CARD_PURCHASE,97756.01,INR,ATM,MERCH0010,ELECTRONICS,2026-03-11 21:02:47
TXN0001341,ACC000067,CUST00228,IMPS,35118.68,INR,BRANCH,MERCH0087,ELECTRONICS,2026-06-23 01:16:12
TXN0001342,ACC000386,CUST00477,NEFT,110850.91,INR,ATM,MERCH0002,FUEL,2026-08-16 06:29:15
TXN0001343,ACC000613,CUST00321,UPI,130159.86,INR,BRANCH,MERCH0061,ELECTRONICS,2026-08-29 08:35:02
TXN0001344,ACC000115,CUST00044,CARD_PURCHASE,74712.57,INR,BRANCH,MERCH0059,ELECTRONICS,2026-07-18 12:51:21
TXN0001345,ACC000483,CUST00176,UPI,220057.92,INR,ATM,MERCH0113,TRAVEL,2025-11-29 15:47:33
TXN0001346,ACC000598,CUST00374,UPI,95381.61,INR,MOBILE,MERCH0081,RESTAURANT,2026-04-06 18:05:37
TXN0001347,ACC000091,CUST00135,CARD_PURCHASE,146248.79,INR,POS,MERCH0098,TRAVEL,2025-11-18 12:49:38
TXN0001348,ACC000423,CUST00252,NEFT,130714.6,INR,BRANCH,MERCH0077,TRAVEL,2026-08-03 23:50:46
TXN0001349,ACC000386,CUST00477,NEFT,217341.63,INR,POS,MERCH0054,GROCERY,2026-08-05 19:02:17
TXN0001350,ACC000534,CUST00456,UPI,216293.16,INR,ATM,MERCH0116,TRAVEL,2026-03-13 14:08:24
TXN0001351,ACC000445,CUST00293,ATM_WITHDRAWAL,82214.13,INR,ATM,MERCH0046,GROCERY,2025-10-03 12:15:07
TXN0001352,ACC000099,CUST00254,UPI,25291.73,INR,WEB,MERCH0075,RESTAURANT,2026-05-21 07:40:38
TXN0001353,ACC000317,CUST00500,NEFT,147775.2,INR,MOBILE,MERCH0100,FUEL,2025-10-06 18:50:58
TXN0001354,ACC000202,CUST00251,CARD_PURCHASE,140172.08,INR,POS,MERCH0078,PHARMACY,2026-09-19 23:00:36
TXN0001355,ACC000422,CUST00456,CARD_PURCHASE,10534.89,INR,MOBILE,MERCH0074,GROCERY,2026-04-18 12:08:51
TXN0001356,ACC000006,CUST00198,UPI,241682.73,INR,BRANCH,MERCH0087,FUEL,2026-09-01 16:23:01
TXN0001357,ACC000678,CUST00229,ATM_WITHDRAWAL,105463.11,INR,MOBILE,MERCH0045,FUEL,2026-07-26 22:46:40
TXN0001358,ACC000415,CUST00437,CARD_PURCHASE,213059.74,INR,BRANCH,MERCH0005,RESTAURANT,2025-11-07 10:34:00
TXN0001359,ACC000537,CUST00029,CARD_PURCHASE,167270.4,INR,BRANCH,MERCH0024,GROCERY,2026-08-01 05:08:29
TXN0001360,ACC000268,CUST00093,IMPS,24710.06,INR,MOBILE,MERCH0094,RESTAURANT,2026-09-19 13:16:09
TXN0001361,ACC000054,CUST00174,IMPS,89653.65,INR,ATM,MERCH0032,TRAVEL,2026-01-20 18:22:43
TXN0001362,ACC000403,CUST00194,CARD_PURCHASE,195929.61,INR,ATM,MERCH0099,ELECTRONICS,2026-09-19 20:34:54
TXN0001363,ACC000626,CUST00453,NEFT,139623.86,INR,ATM,MERCH0095,RESTAURANT,2026-01-12 21:46:49
TXN0001364,ACC000149,CUST00216,IMPS,195244.25,INR,POS,MERCH0110,GROCERY,2025-11-02 13:58:56
TXN0001365,ACC000341,CUST00490,IMPS,87957.66,INR,WEB,MERCH0041,TRAVEL,2026-02-04 06:51:59
TXN0001366,ACC000502,CUST00322,UPI,228543.69,INR,POS,MERCH0041,PHARMACY,2026-06-13 23:46:02
TXN0001367,ACC000221,CUST00433,CARD_PURCHASE,159872.36,INR,WEB,MERCH0034,FUEL,2025-11-30 19:03:11
TXN0001368,ACC000625,CUST00116,CARD_PURCHASE,87654.97,INR,ATM,MERCH0097,ELECTRONICS,2026-05-08 21:38:12
TXN0001369,ACC000622,CUST00062,NEFT,80696.72,INR,BRANCH,MERCH0040,PHARMACY,2026-04-11 02:06:48
TXN0001370,ACC000248,CUST00106,ATM_WITHDRAWAL,74057.96,INR,WEB,MERCH0051,PHARMACY,2025-11-25 17:35:28
TXN0001371,ACC000234,CUST00211,UPI,49662.92,INR,BRANCH,MERCH0118,FUEL,2026-09-06 08:12:16
TXN0001372,ACC000619,CUST00101,CARD_PURCHASE,213053.68,INR,ATM,MERCH0069,TRAVEL,2025-10-30 10:55:10
TXN0001373,ACC000272,CUST00049,CARD_PURCHASE,33266.74,INR,ATM,MERCH0079,PHARMACY,2026-04-02 23:53:28
TXN0001374,ACC000326,CUST00443,UPI,80965.84,INR,MOBILE,MERCH0032,PHARMACY,2025-12-05 17:49:33
TXN0001375,ACC000443,CUST00149,NEFT,166883.66,INR,POS,MERCH0029,FUEL,2026-05-14 02:30:22
TXN0001376,ACC000369,CUST00299,NEFT,61345.48,INR,WEB,MERCH0019,GROCERY,2025-11-21 00:30:23
TXN0001377,ACC000027,CUST00039,IMPS,60927.61,INR,BRANCH,MERCH0062,RESTAURANT,2026-05-17 20:48:26
TXN0001378,ACC000176,CUST00179,CARD_PURCHASE,139085.02,EUR,WEB,MERCH0053,ELECTRONICS,2026-09-14 00:27:38
TXN0001379,ACC000446,CUST00055,ATM_WITHDRAWAL,145228.09,INR,POS,MERCH0096,TRAVEL,2026-01-30 18:12:44
TXN0001380,ACC000141,CUST00297,IMPS,200858.49,INR,ATM,MERCH0047,ELECTRONICS,2026-09-20 22:32:49
TXN0001381,ACC000303,CUST00103,IMPS,135096.87,INR,WEB,MERCH0042,FUEL,2026-03-17 07:15:05
TXN0001382,ACC000339,CUST00276,NEFT,198891.31,INR,MOBILE,MERCH0118,PHARMACY,2026-09-17 08:41:12
TXN0001383,ACC000371,CUST00335,CARD_PURCHASE,133844.62,INR,BRANCH,MERCH0030,FUEL,2026-06-04 11:00:00
TXN0001384,ACC000218,CUST00357,IMPS,179393.96,INR,BRANCH,MERCH0106,ELECTRONICS,2026-04-22 12:59:42
TXN0001385,ACC000591,CUST00260,CARD_PURCHASE,67290.67,INR,POS,MERCH0080,RESTAURANT,2026-08-10 18:06:24
TXN0001386,ACC000111,CUST00388,CARD_PURCHASE,147769.82,INR,WEB,MERCH0003,PHARMACY,2026-02-19 17:45:11
TXN0001387,ACC000630,CUST00165,CARD_PURCHASE,139753.42,INR,ATM,MERCH0062,FUEL,2026-07-23 05:26:26
TXN0001388,ACC000521,CUST00442,NEFT,15953.57,INR,ATM,MERCH0073,TRAVEL,2026-03-14 16:30:33
TXN0001389,ACC000544,CUST00405,UPI,178405.91,INR,WEB,MERCH0051,ELECTRONICS,2025-11-05 22:12:09
TXN0001390,ACC000088,CUST00406,CARD_PURCHASE,77463.22,INR,ATM,MERCH0043,ELECTRONICS,2026-06-08 10:13:49
TXN0001391,ACC000127,CUST00463,ATM_WITHDRAWAL,199606.1,INR,POS,MERCH0019,PHARMACY,2026-04-25 01:24:22
TXN0001392,ACC000488,CUST00398,ATM_WITHDRAWAL,78621.5,INR,BRANCH,MERCH0007,FUEL,2025-10-17 03:36:43
TXN0001393,ACC000471,CUST00242,IMPS,146866.04,INR,MOBILE,MERCH0079,GROCERY,2026-01-31 03:02:28
TXN0001394,ACC000304,CUST00115,ATM_WITHDRAWAL,103433.72,INR,WEB,MERCH0032,PHARMACY,2025-12-26 08:24:15
TXN0001395,ACC000421,CUST00289,NEFT,208936.5,INR,POS,MERCH0094,GROCERY,2026-02-10 17:57:28
TXN0001396,ACC000257,CUST00073,IMPS,22285.54,INR,BRANCH,MERCH0090,FUEL,2025-11-15 15:13:01
TXN0001397,ACC000030,CUST00195,CARD_PURCHASE,201230.44,INR,POS,MERCH0018,TRAVEL,2025-12-23 17:17:44
TXN0001398,ACC000681,CUST00347,NEFT,23974.87,INR,POS,MERCH0113,TRAVEL,2026-08-05 05:53:47
TXN0001399,ACC000351,CUST00362,CARD_PURCHASE,22692.72,INR,WEB,MERCH0030,TRAVEL,2026-03-31 07:44:16
TXN0001400,ACC000224,CUST00244,UPI,84936.65,INR,BRANCH,MERCH0033,GROCERY,2025-12-03 20:54:17
TXN0001401,ACC000395,CUST00203,ATM_WITHDRAWAL,15234.61,INR,ATM,MERCH0013,ELECTRONICS,2026-07-27 02:33:59
TXN0001402,ACC000412,CUST00049,UPI,240900.3,INR,MOBILE,MERCH0042,RESTAURANT,2026-02-25 17:39:13
TXN0001403,ACC000565,CUST00229,IMPS,6923.11,INR,BRANCH,MERCH0048,GROCERY,2025-10-07 21:05:51
TXN0001404,ACC000695,CUST00492,NEFT,47128.64,INR,WEB,MERCH0069,ELECTRONICS,2026-02-07 21:14:41
TXN0001405,ACC000645,CUST00329,IMPS,24250.48,INR,WEB,MERCH0077,TRAVEL,2025-10-14 11:51:51
TXN0001406,ACC000449,CUST00231,ATM_WITHDRAWAL,44240.3,INR,WEB,MERCH0065,ELECTRONICS,2026-09-12 16:52:34
TXN0001407,ACC000642,CUST00037,CARD_PURCHASE,7595.11,INR,BRANCH,MERCH0114,GROCERY,2026-09-14 10:57:04
TXN0001408,ACC000165,CUST00429,IMPS,233758.78,INR,WEB,MERCH0076,PHARMACY,2026-03-27 07:19:04
TXN0001409,ACC000351,CUST00362,NEFT,225058.65,INR,BRANCH,MERCH0020,PHARMACY,2026-08-02 15:39:05
TXN0001410,ACC000034,CUST00326,IMPS,234455.19,INR,BRANCH,MERCH0107,RESTAURANT,2026-08-15 08:22:54
TXN0001411,ACC000557,CUST00321,CARD_PURCHASE,236003.34,INR,MOBILE,MERCH0044,ELECTRONICS,2026-09-10 00:10:05
TXN0001412,ACC000212,CUST00272,IMPS,35353.93,USD,POS,MERCH0025,RESTAURANT,2026-06-04 21:55:27
TXN0001413,ACC000020,CUST00067,UPI,89586.77,INR,POS,MERCH0104,FUEL,2026-06-23 13:06:22
TXN0001414,ACC000122,CUST00094,ATM_WITHDRAWAL,24704.1,INR,ATM,MERCH0117,PHARMACY,2026-07-11 18:56:11
TXN0001415,ACC000337,CUST00244,ATM_WITHDRAWAL,143775.95,INR,POS,MERCH0097,PHARMACY,2026-08-13 14:04:25
TXN0001416,ACC000104,CUST00022,NEFT,70647.56,INR,WEB,MERCH0038,FUEL,2026-05-09 07:12:29
TXN0001417,ACC000574,CUST00117,CARD_PURCHASE,101065.48,INR,POS,MERCH0004,RESTAURANT,2025-10-30 02:08:49
TXN0001418,ACC000253,CUST00089,UPI,80385.41,INR,POS,MERCH0040,RESTAURANT,2026-08-16 23:16:30
TXN0001419,ACC000168,CUST00306,IMPS,192712.98,INR,BRANCH,MERCH0107,GROCERY,2026-04-11 14:44:33
TXN0001420,ACC000153,CUST00381,NEFT,236695.5,INR,BRANCH,MERCH0096,PHARMACY,2025-10-27 01:11:42
TXN0001421,ACC000166,CUST00488,ATM_WITHDRAWAL,43347.96,INR,MOBILE,MERCH0069,GROCERY,2026-06-06 09:49:58
TXN0001422,ACC000291,CUST00154,UPI,241692.38,INR,ATM,MERCH0069,GROCERY,2026-06-03 00:39:50
TXN0001423,ACC000563,CUST00478,CARD_PURCHASE,184637.64,INR,WEB,MERCH0066,TRAVEL,2026-01-24 05:13:05
TXN0001424,ACC000265,CUST00465,UPI,227666.42,INR,WEB,MERCH0115,ELECTRONICS,2026-09-10 20:39:50
TXN0001425,ACC000088,CUST00406,IMPS,18250.14,INR,WEB,MERCH0074,FUEL,2026-04-14 12:35:19
TXN0001426,ACC000180,CUST00218,ATM_WITHDRAWAL,3908.02,INR,WEB,MERCH0116,FUEL,2026-04-28 08:57:24
TXN0001427,ACC000126,CUST00226,UPI,231078.82,INR,WEB,MERCH0085,TRAVEL,2026-05-03 01:38:40
TXN0001428,ACC000086,CUST00290,NEFT,246771.5,INR,ATM,MERCH0118,RESTAURANT,2026-06-21 10:28:50
TXN0001429,ACC000388,CUST00099,UPI,38990.69,INR,BRANCH,MERCH0086,TRAVEL,2026-04-16 07:21:14
TXN0001430,ACC000264,CUST00200,CARD_PURCHASE,170102.13,INR,ATM,MERCH0027,FUEL,2026-04-12 07:47:25
TXN0001431,ACC000482,CUST00318,IMPS,102306.76,INR,POS,MERCH0049,TRAVEL,2026-02-21 19:31:00
TXN0001432,ACC000356,CUST00103,NEFT,204182.99,INR,BRANCH,MERCH0002,FUEL,2026-07-12 16:29:07
TXN0001433,ACC000648,CUST00455,CARD_PURCHASE,10459.42,INR,WEB,MERCH0085,FUEL,2026-04-21 22:05:18
TXN0001434,ACC000499,CUST00154,NEFT,17640.38,INR,WEB,MERCH0116,RESTAURANT,2026-05-29 12:29:30
TXN0001435,ACC000064,CUST00222,UPI,45847.81,INR,ATM,MERCH0088,FUEL,2025-12-08 18:16:12
TXN0001436,ACC000194,CUST00337,CARD_PURCHASE,71208.85,INR,BRANCH,MERCH0034,GROCERY,2026-01-09 11:06:42
TXN0001437,ACC000137,CUST00217,UPI,98732.61,INR,WEB,MERCH0012,PHARMACY,2026-01-24 03:00:45
TXN0001438,ACC000558,CUST00078,CARD_PURCHASE,50205.03,INR,MOBILE,MERCH0061,RESTAURANT,2025-11-13 08:10:19
TXN0001439,ACC000481,CUST00435,UPI,27860.54,INR,POS,MERCH0024,GROCERY,2026-03-14 16:13:13
TXN0001440,ACC000133,CUST00334,UPI,60445.54,INR,POS,MERCH0095,ELECTRONICS,2026-07-15 05:59:37
TXN0001441,ACC000321,CUST00277,CARD_PURCHASE,149254.4,INR,BRANCH,MERCH0099,ELECTRONICS,2025-12-07 15:19:40
TXN0001442,ACC000250,CUST00100,NEFT,181230.29,INR,MOBILE,MERCH0020,TRAVEL,2026-01-13 12:01:27
TXN0001443,ACC000325,CUST00434,IMPS,230460.73,INR,WEB,MERCH0116,FUEL,2026-05-22 23:21:08
TXN0001444,ACC000205,CUST00060,UPI,97834.05,INR,ATM,MERCH0065,GROCERY,2026-03-06 07:01:48
TXN0001445,ACC000425,CUST00354,NEFT,45998.95,INR,POS,MERCH0004,RESTAURANT,2026-02-25 17:13:09
TXN0001446,ACC000252,CUST00003,UPI,210857.14,INR,ATM,MERCH0072,ELECTRONICS,2026-03-09 17:14:06
TXN0001447,ACC000244,CUST00153,NEFT,136785.37,INR,MOBILE,MERCH0088,GROCERY,2026-02-15 03:57:57
TXN0001448,ACC000511,CUST00083,CARD_PURCHASE,129516.65,INR,WEB,MERCH0093,TRAVEL,2025-10-23 17:22:02
TXN0001449,ACC000642,CUST00037,IMPS,9617.12,INR,WEB,MERCH0001,RESTAURANT,2026-03-31 04:54:56
TXN0001450,ACC000240,CUST00435,UPI,140682.29,INR,BRANCH,MERCH0016,ELECTRONICS,2025-09-30 23:35:51
TXN0001451,ACC000125,CUST00295,UPI,140914.05,INR,POS,MERCH0120,PHARMACY,2026-03-31 12:07:49
TXN0001452,ACC000280,CUST00167,CARD_PURCHASE,70624.29,INR,POS,MERCH0117,FUEL,2025-11-01 05:45:58
TXN0001453,ACC000610,CUST00235,NEFT,170723.46,INR,ATM,MERCH0082,RESTAURANT,2026-01-24 14:10:46
TXN0001454,ACC000559,CUST00349,CARD_PURCHASE,229857.44,INR,BRANCH,MERCH0113,TRAVEL,2026-04-27 16:42:15
TXN0001455,ACC000250,CUST00100,NEFT,36110.41,INR,WEB,MERCH0050,TRAVEL,2026-03-28 17:37:41
TXN0001456,ACC000116,CUST00447,NEFT,92025.84,INR,ATM,MERCH0019,GROCERY,2026-05-16 11:55:13
TXN0001457,ACC000142,CUST00206,CARD_PURCHASE,102598.76,INR,WEB,MERCH0052,ELECTRONICS,2026-02-19 17:24:23
TXN0001458,ACC000310,CUST00306,IMPS,52033.15,INR,POS,MERCH0059,FUEL,2026-01-18 12:37:09
TXN0001459,ACC000499,CUST00154,CARD_PURCHASE,110978.78,INR,ATM,MERCH0044,TRAVEL,2026-04-02 23:33:05
TXN0001460,ACC000227,CUST00360,CARD_PURCHASE,33287.34,INR,WEB,MERCH0028,FUEL,2026-07-24 02:51:11
TXN0001461,ACC000433,CUST00072,NEFT,142100.96,INR,BRANCH,MERCH0047,RESTAURANT,2026-07-18 01:16:18
TXN0001462,ACC000412,CUST00049,ATM_WITHDRAWAL,215611.05,INR,ATM,MERCH0083,TRAVEL,2026-01-11 06:17:19
TXN0001463,ACC000279,CUST00325,NEFT,98213.46,INR,BRANCH,MERCH0084,RESTAURANT,2026-07-18 02:13:20
TXN0001464,ACC000589,CUST00339,IMPS,226169.97,INR,BRANCH,MERCH0053,GROCERY,2026-06-14 09:16:39
TXN0001465,ACC000138,CUST00199,NEFT,54302.36,INR,WEB,MERCH0085,RESTAURANT,2026-06-20 03:40:58
TXN0001466,ACC000308,CUST00423,ATM_WITHDRAWAL,107951.64,INR,MOBILE,MERCH0089,ELECTRONICS,2025-10-13 03:09:40
TXN0001467,ACC000663,CUST00429,CARD_PURCHASE,141852.55,INR,BRANCH,MERCH0099,ELECTRONICS,2026-04-14 14:34:14
TXN0001468,ACC000224,CUST00244,CARD_PURCHASE,143771.53,INR,WEB,MERCH0053,TRAVEL,2026-08-10 13:19:33
TXN0001469,ACC000474,CUST00100,CARD_PURCHASE,61432.16,INR,POS,MERCH0041,PHARMACY,2025-10-07 21:29:26
TXN0001470,ACC000310,CUST00306,ATM_WITHDRAWAL,132651.72,INR,MOBILE,MERCH0087,GROCERY,2025-12-03 18:28:10
TXN0001471,ACC000392,CUST00011,UPI,21446.66,INR,MOBILE,MERCH0043,GROCERY,2025-10-26 08:44:05
TXN0001472,ACC000029,CUST00192,IMPS,232891.35,INR,WEB,MERCH0028,TRAVEL,2026-01-19 00:00:41
TXN0001473,ACC000306,CUST00464,UPI,90741.39,INR,BRANCH,MERCH0116,RESTAURANT,2026-09-03 04:21:08
TXN0001474,ACC000564,CUST00427,CARD_PURCHASE,84661.81,INR,ATM,MERCH0013,PHARMACY,2026-05-07 21:03:47
TXN0001475,ACC000524,CUST00116,NEFT,225205.26,INR,POS,MERCH0016,PHARMACY,2026-07-09 03:55:38
TXN0001476,ACC000373,CUST00171,ATM_WITHDRAWAL,102425.88,INR,POS,MERCH0090,TRAVEL,2026-09-06 08:37:51
TXN0001477,ACC000130,CUST00158,NEFT,244031.42,INR,WEB,MERCH0117,RESTAURANT,2026-05-01 14:06:55
TXN0001478,ACC000302,CUST00197,UPI,188920.82,INR,POS,MERCH0061,RESTAURANT,2026-04-20 12:35:20
TXN0001479,ACC000238,CUST00018,CARD_PURCHASE,42622.78,INR,ATM,MERCH0120,RESTAURANT,2025-11-28 01:16:04
TXN0001480,ACC000683,CUST00410,ATM_WITHDRAWAL,142981.84,INR,MOBILE,MERCH0063,FUEL,2026-05-28 15:22:13
TXN0001481,ACC000601,CUST00316,ATM_WITHDRAWAL,85963.77,INR,MOBILE,MERCH0114,TRAVEL,2026-01-21 12:54:39
TXN0001482,ACC000284,CUST00166,UPI,44317.1,INR,POS,MERCH0118,ELECTRONICS,2026-07-05 19:49:20
TXN0001483,ACC000125,CUST00295,UPI,248224.27,INR,WEB,MERCH0082,TRAVEL,2025-10-10 08:25:47
TXN0001484,ACC000659,CUST00241,IMPS,177854.93,INR,MOBILE,MERCH0046,PHARMACY,2026-04-17 05:24:39
TXN0001485,ACC000386,CUST00477,CARD_PURCHASE,3998.72,INR,POS,MERCH0022,TRAVEL,2025-10-02 14:04:56
TXN0001486,ACC000285,CUST00242,IMPS,48013.87,INR,BRANCH,MERCH0116,GROCERY,2025-10-10 01:27:12
TXN0001487,ACC000647,CUST00076,CARD_PURCHASE,79648.7,INR,WEB,MERCH0090,TRAVEL,2026-01-17 09:06:28
TXN0001488,ACC000653,CUST00203,IMPS,112238.28,INR,MOBILE,MERCH0035,FUEL,2026-02-18 04:59:17
TXN0001489,ACC000443,CUST00149,CARD_PURCHASE,164856.04,INR,MOBILE,MERCH0017,PHARMACY,2025-12-03 19:57:43
TXN0001490,ACC000407,CUST00367,UPI,183662.97,INR,POS,MERCH0026,RESTAURANT,2026-02-05 08:08:25
TXN0001491,ACC000668,CUST00156,CARD_PURCHASE,97105.4,INR,ATM,MERCH0090,RESTAURANT,2026-04-18 13:46:04
TXN0001492,ACC000498,CUST00448,IMPS,91704.81,INR,POS,MERCH0053,FUEL,2025-10-12 02:10:45
TXN0001493,ACC000455,CUST00056,IMPS,33093.71,INR,ATM,MERCH0071,ELECTRONICS,2026-08-07 15:19:03
TXN0001494,ACC000118,CUST00333,CARD_PURCHASE,70417.47,INR,POS,MERCH0118,FUEL,2026-08-08 06:40:45
TXN0001495,ACC000124,CUST00346,UPI,201370.74,INR,BRANCH,MERCH0115,GROCERY,2026-06-14 10:19:50
TXN0001496,ACC000431,CUST00155,UPI,202690.66,INR,MOBILE,MERCH0032,GROCERY,2026-08-27 00:58:11
TXN0001497,ACC000108,CUST00358,NEFT,93353.34,INR,WEB,MERCH0100,GROCERY,2026-03-09 04:47:38
TXN0001498,ACC000600,CUST00323,UPI,2421.21,INR,ATM,MERCH0112,PHARMACY,2026-07-05 13:08:23
TXN0001499,ACC000449,CUST00231,UPI,39069.39,INR,POS,MERCH0081,TRAVEL,2026-04-07 03:50:38
TXN0001500,ACC000245,CUST00463,UPI,153145.17,INR,WEB,MERCH0026,FUEL,2026-04-13 05:20:10
TXN0001501,ACC000450,CUST00455,UPI,46401.85,INR,MOBILE,MERCH0001,RESTAURANT,2026-08-17 12:45:31
TXN0001502,ACC000405,CUST00044,NEFT,52562.66,INR,POS,MERCH0042,FUEL,2025-11-29 23:13:53
TXN0001503,ACC000641,CUST00459,ATM_WITHDRAWAL,48167.72,INR,POS,MERCH0078,FUEL,2026-04-07 07:17:59
TXN0001504,ACC000094,CUST00068,NEFT,117307.92,INR,BRANCH,MERCH0111,GROCERY,2026-02-12 17:46:36
TXN0001505,ACC000635,CUST00135,CARD_PURCHASE,46240.11,INR,WEB,MERCH0026,TRAVEL,2026-06-13 06:04:13
TXN0001506,ACC000570,CUST00056,NEFT,219545.38,INR,WEB,MERCH0090,GROCERY,2026-06-20 06:18:22
TXN0001507,ACC000482,CUST00318,UPI,47057.75,INR,WEB,MERCH0021,RESTAURANT,2025-10-09 02:16:27
TXN0001508,ACC000561,CUST00315,ATM_WITHDRAWAL,74186.91,INR,ATM,MERCH0028,RESTAURANT,2026-09-10 09:25:59
TXN0001509,ACC000187,CUST00438,IMPS,206118.9,INR,BRANCH,MERCH0001,FUEL,2025-12-14 00:40:06
TXN0001510,ACC000209,CUST00016,IMPS,70369.47,INR,MOBILE,MERCH0009,RESTAURANT,2025-10-30 00:56:19
TXN0001511,ACC000593,CUST00032,IMPS,225674.34,INR,POS,MERCH0011,FUEL,2026-03-18 07:10:28
TXN0001512,ACC000238,CUST00018,CARD_PURCHASE,3009.62,INR,MOBILE,MERCH0041,PHARMACY,2025-12-02 20:20:48
TXN0001513,ACC000596,CUST00410,IMPS,174522.01,INR,MOBILE,MERCH0073,TRAVEL,2026-09-03 06:48:31
TXN0001514,ACC000497,CUST00276,IMPS,112702.23,INR,POS,MERCH0048,RESTAURANT,2025-12-16 18:36:09
TXN0001515,ACC000628,CUST00003,IMPS,190855.49,INR,WEB,MERCH0030,PHARMACY,2026-06-25 09:35:42
TXN0001516,ACC000499,CUST00154,NEFT,10684.44,INR,POS,MERCH0113,RESTAURANT,2026-01-24 02:57:27
TXN0001517,ACC000198,CUST00239,IMPS,230862.27,INR,POS,MERCH0060,RESTAURANT,2025-10-20 01:30:58
TXN0001518,ACC000351,CUST00362,CARD_PURCHASE,38179.68,INR,POS,MERCH0054,GROCERY,2026-06-26 00:43:54
TXN0001519,ACC000014,CUST00431,NEFT,197068.44,INR,WEB,MERCH0052,TRAVEL,2025-12-09 19:12:48
TXN0001520,ACC000549,CUST00389,UPI,108600.97,INR,WEB,MERCH0020,PHARMACY,2026-04-02 01:44:48
TXN0001521,ACC000387,CUST00231,NEFT,54256.28,INR,POS,MERCH0020,TRAVEL,2025-12-11 00:22:30
TXN0001522,ACC000017,CUST00071,IMPS,49447.14,INR,WEB,MERCH0039,PHARMACY,2026-05-01 12:54:27
TXN0001523,ACC000011,CUST00460,IMPS,56942.55,INR,POS,MERCH0056,RESTAURANT,2026-05-28 10:36:17
TXN0001524,ACC000699,CUST00392,NEFT,121840.66,INR,ATM,MERCH0014,GROCERY,2026-05-17 19:10:48
TXN0001525,ACC000683,CUST00410,IMPS,176508.97,INR,WEB,MERCH0031,PHARMACY,2025-09-27 18:46:54
TXN0001526,ACC000574,CUST00117,CARD_PURCHASE,200907.48,INR,MOBILE,MERCH0040,FUEL,2025-10-09 07:03:27
TXN0001527,ACC000581,CUST00058,NEFT,84651.74,INR,BRANCH,MERCH0055,PHARMACY,2026-09-14 19:54:53
TXN0001528,ACC000080,CUST00331,UPI,149782.96,INR,ATM,MERCH0093,TRAVEL,2026-02-16 21:10:47
TXN0001529,ACC000499,CUST00154,NEFT,92398.19,USD,MOBILE,MERCH0003,RESTAURANT,2025-12-10 17:47:04
TXN0001530,ACC000368,CUST00107,IMPS,104255.97,INR,ATM,MERCH0089,ELECTRONICS,2026-09-06 09:02:39
TXN0001531,ACC000592,CUST00043,IMPS,158471.52,INR,POS,MERCH0101,TRAVEL,2026-06-16 11:01:23
TXN0001532,ACC000119,CUST00225,ATM_WITHDRAWAL,85195.93,INR,WEB,MERCH0116,ELECTRONICS,2025-11-05 21:43:51
TXN0001533,ACC000250,CUST00100,IMPS,195400.96,INR,WEB,MERCH0091,PHARMACY,2026-09-15 16:39:42
TXN0001534,ACC000073,CUST00429,ATM_WITHDRAWAL,59262.1,INR,POS,MERCH0073,RESTAURANT,2026-01-12 12:33:35
TXN0001535,ACC000172,CUST00165,UPI,78371.88,INR,POS,MERCH0097,ELECTRONICS,2025-09-23 13:36:57
TXN0001536,ACC000584,CUST00255,ATM_WITHDRAWAL,80420.52,INR,POS,MERCH0078,FUEL,2026-09-07 23:01:37
TXN0001537,ACC000029,CUST00192,IMPS,16740.69,INR,WEB,MERCH0102,TRAVEL,2025-12-24 02:01:12
TXN0001538,ACC000573,CUST00299,NEFT,90951.98,INR,POS,MERCH0032,ELECTRONICS,2026-06-04 21:18:38
TXN0001539,ACC000344,CUST00413,UPI,81810.32,INR,POS,MERCH0072,ELECTRONICS,2026-08-03 17:06:02
TXN0001540,ACC000358,CUST00091,IMPS,239167.34,INR,ATM,MERCH0078,PHARMACY,2026-09-12 04:08:55
TXN0001541,ACC000352,CUST00031,NEFT,206035.87,INR,BRANCH,MERCH0078,GROCERY,2026-08-10 13:45:44
TXN0001542,ACC000516,CUST00221,IMPS,183357.65,INR,WEB,MERCH0068,PHARMACY,2026-01-28 04:16:01
TXN0001543,ACC000146,CUST00008,IMPS,62064.14,INR,MOBILE,MERCH0039,TRAVEL,2025-11-29 11:44:42
TXN0001544,ACC000529,CUST00293,NEFT,36023.46,INR,POS,MERCH0011,TRAVEL,2026-02-20 03:43:32
TXN0001545,ACC000083,CUST00035,CARD_PURCHASE,193951.47,EUR,POS,MERCH0081,RESTAURANT,2026-08-08 17:39:31
TXN0001546,ACC000391,CUST00273,ATM_WITHDRAWAL,39253.03,INR,ATM,MERCH0014,TRAVEL,2025-12-19 10:01:36
TXN0001547,ACC000015,CUST00060,CARD_PURCHASE,68994.6,INR,POS,MERCH0037,ELECTRONICS,2026-02-13 02:43:23
TXN0001548,ACC000009,CUST00131,ATM_WITHDRAWAL,32142.64,INR,MOBILE,MERCH0007,TRAVEL,2026-09-13 01:56:49
TXN0001549,ACC000349,CUST00098,ATM_WITHDRAWAL,119280.61,INR,POS,MERCH0071,GROCERY,2026-08-13 02:11:27
TXN0001550,ACC000494,CUST00066,CARD_PURCHASE,161585.62,INR,ATM,MERCH0079,GROCERY,2026-02-24 19:58:27
TXN0001551,ACC000366,CUST00371,IMPS,81010.3,INR,MOBILE,MERCH0114,PHARMACY,2025-10-09 02:36:38
TXN0001552,ACC000207,CUST00483,UPI,180696.94,INR,POS,MERCH0009,GROCERY,2025-11-21 06:48:38
TXN0001553,ACC000599,CUST00154,NEFT,37900.97,INR,WEB,MERCH0012,TRAVEL,2025-11-15 17:54:06
TXN0001554,ACC000602,CUST00414,IMPS,84546.13,INR,MOBILE,MERCH0064,RESTAURANT,2026-05-12 06:13:01
TXN0001555,ACC000613,CUST00321,ATM_WITHDRAWAL,15546.99,INR,POS,MERCH0089,ELECTRONICS,2025-12-26 07:56:50
TXN0001556,ACC000218,CUST00357,ATM_WITHDRAWAL,205713.26,INR,POS,MERCH0021,GROCERY,2026-05-21 04:42:19
TXN0001557,ACC000690,CUST00488,IMPS,56856.76,INR,BRANCH,MERCH0004,GROCERY,2026-06-08 08:37:28
TXN0001558,ACC000388,CUST00099,NEFT,119678.52,INR,WEB,MERCH0020,ELECTRONICS,2025-12-30 23:54:30
TXN0001559,ACC000673,CUST00195,ATM_WITHDRAWAL,79871.56,INR,POS,MERCH0003,PHARMACY,2026-08-30 05:46:06
TXN0001560,ACC000250,CUST00100,IMPS,123061.89,INR,POS,MERCH0071,GROCERY,2026-09-14 20:46:01
TXN0001561,ACC000417,CUST00089,UPI,50039.1,INR,WEB,MERCH0075,RESTAURANT,2026-03-04 22:36:26
TXN0001562,ACC000609,CUST00019,UPI,87351.89,INR,ATM,MERCH0066,ELECTRONICS,2026-06-12 23:11:41
TXN0001563,ACC000024,CUST00045,CARD_PURCHASE,53202.45,INR,BRANCH,MERCH0037,TRAVEL,2026-05-01 07:15:46
TXN0001564,ACC000608,CUST00180,ATM_WITHDRAWAL,93581.4,INR,WEB,MERCH0097,PHARMACY,2026-06-24 12:44:02
TXN0001565,ACC000183,CUST00308,IMPS,83628.09,INR,ATM,MERCH0051,GROCERY,2026-08-23 04:07:08
TXN0001566,ACC000615,CUST00205,IMPS,112917.93,INR,BRANCH,MERCH0099,RESTAURANT,2026-09-07 01:30:54
TXN0001567,ACC000449,CUST00231,NEFT,46216.16,INR,MOBILE,MERCH0096,ELECTRONICS,2026-05-22 21:57:53
TXN0001568,ACC000480,CUST00288,NEFT,189942.22,INR,ATM,MERCH0107,FUEL,2026-01-20 00:25:34
TXN0001569,ACC000343,CUST00434,NEFT,221664.17,INR,ATM,MERCH0060,GROCERY,2025-12-10 07:01:57
TXN0001570,ACC000394,CUST00457,NEFT,141715.98,INR,ATM,MERCH0028,PHARMACY,2026-09-21 21:25:29
TXN0001571,ACC000431,CUST00155,UPI,77482.29,INR,WEB,MERCH0111,TRAVEL,2026-08-28 23:20:53
TXN0001572,ACC000371,CUST00335,NEFT,124903.18,INR,ATM,MERCH0059,RESTAURANT,2026-06-02 10:59:00
TXN0001573,ACC000157,CUST00185,ATM_WITHDRAWAL,188467.12,INR,POS,MERCH0072,PHARMACY,2026-07-04 19:22:10
TXN0001574,ACC000088,CUST00406,IMPS,198752.84,INR,WEB,MERCH0010,PHARMACY,2026-09-11 14:05:08
TXN0001575,ACC000037,CUST00102,UPI,221104.24,INR,BRANCH,MERCH0007,GROCERY,2026-01-05 14:24:09
TXN0001576,ACC000671,CUST00272,IMPS,232540.56,INR,POS,MERCH0094,PHARMACY,2026-02-27 15:29:57
TXN0001577,ACC000054,CUST00174,NEFT,24317.2,INR,WEB,MERCH0055,FUEL,2026-06-16 19:20:05
TXN0001578,ACC000062,CUST00302,IMPS,19034.11,INR,MOBILE,MERCH0039,GROCERY,2025-09-25 16:46:24
TXN0001579,ACC000196,CUST00319,UPI,75519.51,INR,WEB,MERCH0016,FUEL,2026-03-02 05:47:54
TXN0001580,ACC000540,CUST00055,UPI,220073.84,INR,WEB,MERCH0002,GROCERY,2026-08-07 13:32:07
TXN0001581,ACC000135,CUST00031,UPI,181205.01,INR,BRANCH,MERCH0089,PHARMACY,2026-03-01 08:51:00
TXN0001582,ACC000345,CUST00092,IMPS,67524.01,INR,POS,MERCH0009,FUEL,2026-02-15 04:34:12
TXN0001583,ACC000389,CUST00049,NEFT,53876.74,INR,POS,MERCH0004,GROCERY,2026-01-07 17:24:10
TXN0001584,ACC000548,CUST00102,CARD_PURCHASE,108127.56,INR,WEB,MERCH0002,PHARMACY,2026-08-14 23:22:03
TXN0001585,ACC000006,CUST00198,UPI,164155.94,INR,ATM,MERCH0091,TRAVEL,2026-09-06 16:04:56
TXN0001586,ACC000253,CUST00089,CARD_PURCHASE,50682.63,INR,ATM,MERCH0112,ELECTRONICS,2025-12-04 07:40:57
TXN0001587,ACC000572,CUST00367,NEFT,172421.9,INR,MOBILE,MERCH0112,PHARMACY,2026-08-04 21:52:21
TXN0001588,ACC000395,CUST00203,CARD_PURCHASE,139740.51,INR,WEB,MERCH0092,FUEL,2026-07-21 08:21:13
TXN0001589,ACC000512,CUST00269,UPI,71636.41,INR,ATM,MERCH0059,RESTAURANT,2026-03-30 07:57:17
TXN0001590,ACC000534,CUST00456,ATM_WITHDRAWAL,40982.04,INR,ATM,MERCH0093,PHARMACY,2025-12-29 03:32:38
TXN0001591,ACC000436,CUST00343,ATM_WITHDRAWAL,36432.47,INR,ATM,MERCH0053,ELECTRONICS,2026-05-12 19:03:38
TXN0001592,ACC000543,CUST00493,ATM_WITHDRAWAL,100450.78,INR,ATM,MERCH0099,TRAVEL,2025-09-25 18:39:32
TXN0001593,ACC000503,CUST00120,NEFT,203558.73,INR,POS,MERCH0087,PHARMACY,2026-05-23 01:11:46
TXN0001594,ACC000222,CUST00363,CARD_PURCHASE,90088.61,INR,BRANCH,MERCH0033,ELECTRONICS,2026-06-17 16:13:50
TXN0001595,ACC000617,CUST00053,IMPS,231180.52,INR,POS,MERCH0097,PHARMACY,2026-02-22 07:28:50
TXN0001596,ACC000332,CUST00274,NEFT,222436.33,INR,WEB,MERCH0077,TRAVEL,2025-10-07 23:02:43
TXN0001597,ACC000176,CUST00179,ATM_WITHDRAWAL,158178.03,INR,BRANCH,MERCH0018,ELECTRONICS,2026-06-19 00:39:13
TXN0001598,ACC000434,CUST00139,CARD_PURCHASE,20445.03,INR,MOBILE,MERCH0065,PHARMACY,2026-07-16 15:35:07
TXN0001599,ACC000163,CUST00020,UPI,129897.02,INR,ATM,MERCH0120,PHARMACY,2026-03-15 03:37:31
TXN0001600,ACC000080,CUST00331,NEFT,184930.42,INR,ATM,MERCH0063,GROCERY,2025-11-10 18:46:21
TXN0001601,ACC000332,CUST00274,IMPS,182966.36,INR,BRANCH,MERCH0120,RESTAURANT,2026-06-06 04:42:37
TXN0001602,ACC000525,CUST00316,ATM_WITHDRAWAL,164226.41,INR,BRANCH,MERCH0045,FUEL,2026-06-16 12:02:49
TXN0001603,ACC000059,CUST00071,CARD_PURCHASE,171953.36,EUR,WEB,MERCH0082,FUEL,2025-12-17 07:43:15
TXN0001604,ACC000418,CUST00375,CARD_PURCHASE,38933.74,INR,WEB,MERCH0092,GROCERY,2025-10-19 02:46:54
TXN0001605,ACC000364,CUST00491,ATM_WITHDRAWAL,199985.8,INR,MOBILE,MERCH0089,TRAVEL,2026-05-27 08:16:57
TXN0001606,ACC000646,CUST00200,NEFT,188952.58,INR,WEB,MERCH0070,FUEL,2025-11-05 03:32:58
TXN0001607,ACC000617,CUST00053,UPI,237888.13,INR,MOBILE,MERCH0004,TRAVEL,2025-11-05 11:55:11
TXN0001608,ACC000683,CUST00410,UPI,51779.78,INR,MOBILE,MERCH0009,TRAVEL,2025-11-22 10:43:28
TXN0001609,ACC000191,CUST00469,CARD_PURCHASE,237753.65,INR,ATM,MERCH0085,RESTAURANT,2026-09-07 02:43:13
TXN0001610,ACC000688,CUST00191,UPI,174457.65,INR,POS,MERCH0048,ELECTRONICS,2026-07-25 23:52:22
TXN0001611,ACC000395,CUST00203,IMPS,107136.68,INR,POS,MERCH0082,PHARMACY,2026-03-30 10:56:25
TXN0001612,ACC000179,CUST00152,ATM_WITHDRAWAL,10478.3,INR,MOBILE,MERCH0064,TRAVEL,2025-10-17 13:16:30
TXN0001613,ACC000346,CUST00075,IMPS,7769.77,INR,POS,MERCH0097,PHARMACY,2025-12-01 22:28:22
TXN0001614,ACC000670,CUST00388,UPI,105681.19,INR,ATM,MERCH0088,RESTAURANT,2026-04-18 06:05:16
TXN0001615,ACC000437,CUST00308,UPI,94998.02,USD,MOBILE,MERCH0061,TRAVEL,2026-01-26 20:50:11
TXN0001616,ACC000060,CUST00462,ATM_WITHDRAWAL,23021.29,INR,MOBILE,MERCH0059,RESTAURANT,2025-11-25 17:25:05
TXN0001617,ACC000519,CUST00172,IMPS,60352.25,USD,MOBILE,MERCH0042,TRAVEL,2026-07-06 03:36:48
TXN0001618,ACC000415,CUST00437,ATM_WITHDRAWAL,194293.17,INR,WEB,MERCH0079,RESTAURANT,2025-12-30 08:11:33
TXN0001619,ACC000694,CUST00376,UPI,2583.38,INR,MOBILE,MERCH0120,PHARMACY,2026-06-13 03:56:50
TXN0001620,ACC000433,CUST00072,CARD_PURCHASE,17284.21,INR,ATM,MERCH0090,PHARMACY,2026-06-26 09:56:53
TXN0001621,ACC000480,CUST00288,CARD_PURCHASE,200328.91,INR,MOBILE,MERCH0033,PHARMACY,2026-09-18 03:26:52
TXN0001622,ACC000375,CUST00097,UPI,174557.16,INR,POS,MERCH0038,ELECTRONICS,2026-06-18 15:29:45
TXN0001623,ACC000494,CUST00066,UPI,72578.76,INR,MOBILE,MERCH0088,ELECTRONICS,2026-02-23 08:58:57
TXN0001624,ACC000034,CUST00326,UPI,49788.78,INR,MOBILE,MERCH0050,FUEL,2026-01-10 08:02:19
TXN0001625,ACC000375,CUST00097,NEFT,193117.94,INR,WEB,MERCH0029,TRAVEL,2026-04-17 23:45:12
TXN0001626,ACC000395,CUST00203,ATM_WITHDRAWAL,211386.15,INR,POS,MERCH0104,FUEL,2026-01-10 23:15:06
TXN0001627,ACC000059,CUST00071,UPI,25393.41,INR,BRANCH,MERCH0073,GROCERY,2026-01-10 07:05:18
TXN0001628,ACC000467,CUST00023,CARD_PURCHASE,124041.45,INR,POS,MERCH0003,FUEL,2026-08-19 23:21:38
TXN0001629,ACC000448,CUST00347,ATM_WITHDRAWAL,224423.39,INR,BRANCH,MERCH0014,RESTAURANT,2026-05-01 03:14:31
TXN0001630,ACC000018,CUST00201,CARD_PURCHASE,8393.88,INR,POS,MERCH0009,GROCERY,2026-01-01 06:47:46
TXN0001631,ACC000445,CUST00293,UPI,65701.27,INR,ATM,MERCH0061,RESTAURANT,2025-11-02 20:39:59
TXN0001632,ACC000452,CUST00477,ATM_WITHDRAWAL,229819.42,INR,WEB,MERCH0016,GROCERY,2026-07-14 06:22:53
TXN0001633,ACC000034,CUST00326,NEFT,21603.52,INR,WEB,MERCH0058,FUEL,2025-11-07 02:20:32
TXN0001634,ACC000663,CUST00429,ATM_WITHDRAWAL,93335.48,INR,MOBILE,MERCH0102,FUEL,2026-02-22 02:14:24
TXN0001635,ACC000319,CUST00078,NEFT,145534.31,INR,MOBILE,MERCH0030,ELECTRONICS,2026-08-07 07:13:16
TXN0001636,ACC000005,CUST00470,NEFT,75092.77,INR,POS,MERCH0002,TRAVEL,2026-08-31 15:50:02
TXN0001637,ACC000677,CUST00351,UPI,127553.91,INR,BRANCH,MERCH0086,TRAVEL,2026-08-31 01:10:19
TXN0001638,ACC000495,CUST00141,ATM_WITHDRAWAL,132634.52,INR,WEB,MERCH0041,ELECTRONICS,2025-12-09 05:23:56
TXN0001639,ACC000111,CUST00388,CARD_PURCHASE,200308.31,INR,POS,MERCH0062,RESTAURANT,2025-10-25 07:42:51
TXN0001640,ACC000464,CUST00385,NEFT,24770.76,INR,BRANCH,MERCH0110,GROCERY,2026-04-25 04:05:30
TXN0001641,ACC000141,CUST00297,NEFT,166773.92,INR,WEB,MERCH0111,GROCERY,2026-08-16 10:58:23
TXN0001642,ACC000602,CUST00414,CARD_PURCHASE,128351.01,EUR,BRANCH,MERCH0022,ELECTRONICS,2026-04-03 02:50:17
TXN0001643,ACC000579,CUST00448,CARD_PURCHASE,209944.34,INR,WEB,MERCH0106,TRAVEL,2025-12-08 16:55:43
TXN0001644,ACC000430,CUST00493,CARD_PURCHASE,14927.66,INR,ATM,MERCH0100,RESTAURANT,2025-11-10 02:14:42
TXN0001645,ACC000077,CUST00176,UPI,48159.5,INR,ATM,MERCH0051,RESTAURANT,2026-04-10 23:39:34
TXN0001646,ACC000367,CUST00496,ATM_WITHDRAWAL,209094.75,INR,WEB,MERCH0062,PHARMACY,2025-10-05 14:09:01
TXN0001647,ACC000204,CUST00019,ATM_WITHDRAWAL,222187.15,INR,WEB,MERCH0031,PHARMACY,2026-03-22 20:26:35
TXN0001648,ACC000363,CUST00141,ATM_WITHDRAWAL,71914.04,INR,POS,MERCH0077,GROCERY,2026-03-26 16:22:16
TXN0001649,ACC000304,CUST00115,CARD_PURCHASE,16592.83,INR,WEB,MERCH0099,FUEL,2025-11-03 04:36:22
TXN0001650,ACC000670,CUST00388,UPI,92386.59,INR,POS,MERCH0084,TRAVEL,2025-11-03 23:49:56
TXN0001651,ACC000402,CUST00489,IMPS,209082.75,INR,ATM,MERCH0110,RESTAURANT,2025-12-19 12:34:25
TXN0001652,ACC000032,CUST00090,ATM_WITHDRAWAL,121952.0,INR,BRANCH,MERCH0089,PHARMACY,2025-10-06 11:55:27
TXN0001653,ACC000015,CUST00060,ATM_WITHDRAWAL,149839.48,INR,WEB,MERCH0061,TRAVEL,2026-08-11 06:27:10
TXN0001654,ACC000636,CUST00307,UPI,172859.1,USD,BRANCH,MERCH0067,PHARMACY,2026-02-19 10:27:52
TXN0001655,ACC000053,CUST00162,UPI,62905.72,INR,ATM,MERCH0112,TRAVEL,2025-12-02 08:54:35
TXN0001656,ACC000384,CUST00209,ATM_WITHDRAWAL,128384.34,INR,ATM,MERCH0117,ELECTRONICS,2025-10-24 04:43:49
TXN0001657,ACC000211,CUST00063,ATM_WITHDRAWAL,47824.73,USD,WEB,MERCH0106,TRAVEL,2026-07-14 20:50:53
TXN0001658,ACC000425,CUST00354,ATM_WITHDRAWAL,169028.27,INR,BRANCH,MERCH0055,FUEL,2026-06-18 02:25:27
TXN0001659,ACC000445,CUST00293,NEFT,192080.83,INR,WEB,MERCH0103,FUEL,2026-07-31 21:43:29
TXN0001660,ACC000109,CUST00457,IMPS,47499.61,INR,BRANCH,MERCH0071,TRAVEL,2025-10-17 21:39:51
TXN0001661,ACC000658,CUST00410,NEFT,199509.68,INR,WEB,MERCH0016,FUEL,2025-12-24 14:44:15
TXN0001662,ACC000091,CUST00135,IMPS,159652.45,INR,ATM,MERCH0024,FUEL,2026-03-10 00:46:58
TXN0001663,ACC000364,CUST00491,CARD_PURCHASE,93755.91,INR,ATM,MERCH0120,PHARMACY,2026-05-18 16:39:10
TXN0001664,ACC000003,CUST00116,CARD_PURCHASE,134356.78,INR,BRANCH,MERCH0010,TRAVEL,2026-02-12 18:30:12
TXN0001665,ACC000254,CUST00147,UPI,241628.76,INR,POS,MERCH0001,GROCERY,2026-03-10 20:54:53
TXN0001666,ACC000531,CUST00046,NEFT,202999.68,INR,POS,MERCH0059,PHARMACY,2026-07-05 11:20:01
TXN0001667,ACC000417,CUST00089,ATM_WITHDRAWAL,205291.35,INR,POS,MERCH0026,TRAVEL,2025-11-16 04:03:17
TXN0001668,ACC000268,CUST00093,UPI,245394.59,INR,POS,MERCH0077,GROCERY,2026-03-12 09:24:28
TXN0001669,ACC000132,CUST00123,CARD_PURCHASE,109298.69,INR,WEB,MERCH0024,GROCERY,2026-05-11 13:54:15
TXN0001670,ACC000358,CUST00091,IMPS,190033.5,EUR,MOBILE,MERCH0109,GROCERY,2026-07-17 10:13:35
TXN0001671,ACC000278,CUST00416,IMPS,26874.33,INR,WEB,MERCH0101,GROCERY,2025-10-07 16:04:43
TXN0001672,ACC000475,CUST00151,CARD_PURCHASE,51231.14,INR,BRANCH,MERCH0008,GROCERY,2026-06-06 03:54:23
TXN0001673,ACC000251,CUST00371,UPI,84408.1,INR,ATM,MERCH0037,RESTAURANT,2026-09-19 07:22:30
TXN0001674,ACC000204,CUST00019,NEFT,57629.78,INR,BRANCH,MERCH0097,TRAVEL,2026-04-05 07:31:09
TXN0001675,ACC000188,CUST00355,ATM_WITHDRAWAL,88394.32,INR,MOBILE,MERCH0071,PHARMACY,2026-07-16 12:26:58
TXN0001676,ACC000592,CUST00043,IMPS,190590.18,INR,POS,MERCH0027,PHARMACY,2025-12-04 02:46:11
TXN0001677,ACC000282,CUST00085,ATM_WITHDRAWAL,4369.97,INR,BRANCH,MERCH0095,PHARMACY,2026-07-17 04:50:42
TXN0001678,ACC000458,CUST00130,IMPS,202389.49,INR,WEB,MERCH0109,RESTAURANT,2025-12-12 10:48:34
TXN0001679,ACC000063,CUST00320,NEFT,60513.71,INR,WEB,MERCH0118,ELECTRONICS,2026-06-30 06:05:58
TXN0001680,ACC000598,CUST00374,IMPS,26855.65,INR,ATM,MERCH0056,PHARMACY,2026-01-23 04:41:19
TXN0001681,ACC000440,CUST00496,ATM_WITHDRAWAL,212398.89,INR,WEB,MERCH0013,GROCERY,2025-10-08 17:18:01
TXN0001682,ACC000508,CUST00350,CARD_PURCHASE,178109.13,INR,POS,MERCH0109,PHARMACY,2026-04-30 15:03:36
TXN0001683,ACC000207,CUST00483,CARD_PURCHASE,5766.42,INR,WEB,MERCH0113,FUEL,2025-09-27 05:54:16
TXN0001684,ACC000349,CUST00098,CARD_PURCHASE,109168.21,INR,ATM,MERCH0042,GROCERY,2025-11-20 00:48:45
TXN0001685,ACC000152,CUST00500,CARD_PURCHASE,126894.76,INR,POS,MERCH0078,ELECTRONICS,2026-02-01 07:02:11
TXN0001686,ACC000381,CUST00315,IMPS,36137.49,INR,POS,MERCH0022,RESTAURANT,2026-08-21 12:27:06
TXN0001687,ACC000461,CUST00044,NEFT,54489.91,INR,ATM,MERCH0032,FUEL,2025-12-28 03:05:34
TXN0001688,ACC000477,CUST00358,IMPS,224614.17,INR,POS,MERCH0004,FUEL,2026-09-14 17:37:00
TXN0001689,ACC000117,CUST00158,ATM_WITHDRAWAL,61025.78,INR,POS,MERCH0092,GROCERY,2025-11-28 21:29:46
TXN0001690,ACC000200,CUST00260,CARD_PURCHASE,142918.41,INR,MOBILE,MERCH0063,RESTAURANT,2026-02-04 16:46:34
TXN0001691,ACC000354,CUST00099,CARD_PURCHASE,227297.92,INR,ATM,MERCH0045,ELECTRONICS,2026-03-20 03:55:46
TXN0001692,ACC000034,CUST00326,IMPS,91655.02,EUR,POS,MERCH0021,ELECTRONICS,2025-12-08 15:38:03
TXN0001693,ACC000084,CUST00045,NEFT,213413.2,INR,BRANCH,MERCH0068,ELECTRONICS,2026-09-06 20:37:18
TXN0001694,ACC000586,CUST00425,UPI,244790.58,INR,WEB,MERCH0012,FUEL,2026-05-29 21:13:19
TXN0001695,ACC000200,CUST00260,NEFT,23103.27,INR,MOBILE,MERCH0033,GROCERY,2025-10-13 15:23:44
TXN0001696,ACC000473,CUST00443,ATM_WITHDRAWAL,233003.2,INR,ATM,MERCH0019,RESTAURANT,2026-02-20 16:44:17
TXN0001697,ACC000589,CUST00339,IMPS,217753.47,INR,POS,MERCH0040,ELECTRONICS,2026-02-16 07:37:26
TXN0001698,ACC000384,CUST00209,ATM_WITHDRAWAL,16704.06,INR,BRANCH,MERCH0007,PHARMACY,2025-11-20 04:25:10
TXN0001699,ACC000050,CUST00012,NEFT,72067.87,INR,POS,MERCH0115,ELECTRONICS,2026-01-13 01:16:21
TXN0001700,ACC000154,CUST00281,NEFT,4305.28,USD,BRANCH,MERCH0092,GROCERY,2026-04-06 01:55:49
TXN0001701,ACC000029,CUST00192,UPI,193211.35,INR,WEB,MERCH0069,GROCERY,2025-10-16 10:42:08
TXN0001702,ACC000271,CUST00130,CARD_PURCHASE,138364.13,INR,WEB,MERCH0020,PHARMACY,2025-12-18 04:47:42
TXN0001703,ACC000625,CUST00116,NEFT,61419.18,INR,WEB,MERCH0099,TRAVEL,2025-12-02 04:06:29
TXN0001704,ACC000681,CUST00347,ATM_WITHDRAWAL,203328.31,INR,MOBILE,MERCH0051,ELECTRONICS,2026-05-23 07:30:07
TXN0001705,ACC000095,CUST00052,NEFT,12095.63,INR,WEB,MERCH0031,PHARMACY,2025-12-06 04:49:07
TXN0001706,ACC000072,CUST00162,IMPS,143470.39,INR,WEB,MERCH0059,ELECTRONICS,2026-01-30 04:09:22
TXN0001707,ACC000542,CUST00237,UPI,178360.29,INR,BRANCH,MERCH0097,GROCERY,2026-06-04 06:33:56
TXN0001708,ACC000567,CUST00221,UPI,245714.25,INR,ATM,MERCH0059,PHARMACY,2026-06-28 19:20:31
TXN0001709,ACC000161,CUST00054,CARD_PURCHASE,169384.58,INR,BRANCH,MERCH0093,RESTAURANT,2026-03-11 04:01:37
TXN0001710,ACC000281,CUST00001,ATM_WITHDRAWAL,116660.39,INR,BRANCH,MERCH0046,PHARMACY,2025-10-01 13:21:01
TXN0001711,ACC000214,CUST00196,ATM_WITHDRAWAL,179591.78,INR,ATM,MERCH0068,RESTAURANT,2026-08-26 02:53:58
TXN0001712,ACC000075,CUST00184,NEFT,125793.11,INR,MOBILE,MERCH0027,GROCERY,2026-03-11 19:29:20
TXN0001713,ACC000680,CUST00131,ATM_WITHDRAWAL,248678.7,INR,MOBILE,MERCH0078,RESTAURANT,2025-10-18 16:08:33
TXN0001714,ACC000552,CUST00182,CARD_PURCHASE,93992.3,INR,ATM,MERCH0063,ELECTRONICS,2026-08-15 06:42:46
TXN0001715,ACC000095,CUST00052,UPI,53900.45,INR,WEB,MERCH0058,PHARMACY,2025-12-26 04:14:48
TXN0001716,ACC000009,CUST00131,NEFT,162271.34,INR,WEB,MERCH0019,GROCERY,2026-05-13 09:19:31
TXN0001717,ACC000169,CUST00186,NEFT,225916.88,INR,POS,MERCH0060,FUEL,2026-04-14 23:57:06
TXN0001718,ACC000026,CUST00113,CARD_PURCHASE,92898.06,INR,WEB,MERCH0054,GROCERY,2026-01-11 11:59:54
TXN0001719,ACC000528,CUST00361,NEFT,236931.88,INR,MOBILE,MERCH0038,TRAVEL,2026-04-25 23:41:40
TXN0001720,ACC000492,CUST00313,UPI,87645.27,INR,POS,MERCH0010,PHARMACY,2025-11-23 06:59:21
TXN0001721,ACC000257,CUST00073,IMPS,88700.05,INR,POS,MERCH0006,RESTAURANT,2025-11-16 09:41:29
TXN0001722,ACC000026,CUST00113,UPI,88127.08,INR,BRANCH,MERCH0022,GROCERY,2026-04-22 05:00:23
TXN0001723,ACC000139,CUST00058,UPI,36493.3,INR,ATM,MERCH0008,GROCERY,2026-01-23 01:15:39
TXN0001724,ACC000051,CUST00068,ATM_WITHDRAWAL,54681.26,INR,MOBILE,MERCH0058,RESTAURANT,2025-10-13 18:03:06
TXN0001725,ACC000388,CUST00099,IMPS,199629.81,INR,BRANCH,MERCH0042,TRAVEL,2025-11-03 23:27:06
TXN0001726,ACC000402,CUST00489,IMPS,12738.58,INR,MOBILE,MERCH0114,RESTAURANT,2026-06-14 15:53:57
TXN0001727,ACC000419,CUST00315,CARD_PURCHASE,108357.71,INR,BRANCH,MERCH0094,FUEL,2025-10-17 00:30:55
TXN0001728,ACC000326,CUST00443,ATM_WITHDRAWAL,126491.88,EUR,WEB,MERCH0120,RESTAURANT,2026-02-27 22:13:02
TXN0001729,ACC000682,CUST00119,IMPS,165157.46,INR,ATM,MERCH0019,ELECTRONICS,2026-04-10 21:59:53
TXN0001730,ACC000327,CUST00193,NEFT,23306.47,INR,POS,MERCH0029,GROCERY,2026-04-17 05:14:22
TXN0001731,ACC000217,CUST00497,UPI,75734.54,INR,WEB,MERCH0054,PHARMACY,2025-09-28 12:12:11
TXN0001732,ACC000205,CUST00060,NEFT,104403.09,INR,WEB,MERCH0055,PHARMACY,2026-05-19 23:05:19
TXN0001733,ACC000370,CUST00207,ATM_WITHDRAWAL,63794.42,INR,MOBILE,MERCH0009,ELECTRONICS,2026-06-28 12:49:49
TXN0001734,ACC000533,CUST00484,UPI,66384.27,INR,MOBILE,MERCH0029,RESTAURANT,2025-11-26 17:10:19
TXN0001735,ACC000500,CUST00014,NEFT,231206.2,INR,MOBILE,MERCH0086,RESTAURANT,2026-06-29 22:21:21
TXN0001736,ACC000112,CUST00369,IMPS,154203.42,USD,POS,MERCH0034,PHARMACY,2026-09-18 23:46:43
TXN0001737,ACC000589,CUST00339,ATM_WITHDRAWAL,136985.86,INR,ATM,MERCH0081,FUEL,2026-01-24 15:30:03
TXN0001738,ACC000575,CUST00374,IMPS,131682.02,INR,BRANCH,MERCH0067,FUEL,2026-02-12 13:33:57
TXN0001739,ACC000077,CUST00176,IMPS,201549.18,INR,WEB,MERCH0029,GROCERY,2025-10-06 15:38:27
TXN0001740,ACC000259,CUST00368,CARD_PURCHASE,120854.16,INR,BRANCH,MERCH0039,RESTAURANT,2025-11-16 10:50:17
TXN0001741,ACC000307,CUST00056,CARD_PURCHASE,12831.13,INR,ATM,MERCH0014,ELECTRONICS,2026-09-06 20:13:08
TXN0001742,ACC000284,CUST00166,ATM_WITHDRAWAL,55914.07,INR,WEB,MERCH0060,ELECTRONICS,2025-11-01 00:51:51
TXN0001743,ACC000526,CUST00358,UPI,174348.46,INR,POS,MERCH0096,RESTAURANT,2026-06-14 11:44:25
TXN0001744,ACC000300,CUST00193,CARD_PURCHASE,141647.55,INR,WEB,MERCH0021,PHARMACY,2025-12-21 11:20:04
TXN0001745,ACC000450,CUST00455,CARD_PURCHASE,237123.42,INR,ATM,MERCH0119,GROCERY,2025-09-24 00:27:15
TXN0001746,ACC000455,CUST00056,CARD_PURCHASE,101487.12,INR,POS,MERCH0061,GROCERY,2026-02-16 18:36:48
TXN0001747,ACC000403,CUST00194,IMPS,234399.13,INR,WEB,MERCH0063,RESTAURANT,2025-09-23 01:19:58
TXN0001748,ACC000477,CUST00358,CARD_PURCHASE,147109.92,INR,WEB,MERCH0037,ELECTRONICS,2026-04-28 06:18:00
TXN0001749,ACC000679,CUST00397,ATM_WITHDRAWAL,201134.33,INR,BRANCH,MERCH0042,PHARMACY,2025-10-14 09:56:17
TXN0001750,ACC000341,CUST00490,CARD_PURCHASE,213301.12,INR,MOBILE,MERCH0102,FUEL,2026-08-03 17:44:14
TXN0001751,ACC000294,CUST00482,UPI,37520.06,INR,MOBILE,MERCH0120,FUEL,2026-02-19 05:27:47
TXN0001752,ACC000068,CUST00471,NEFT,247959.4,INR,WEB,MERCH0005,ELECTRONICS,2026-07-17 06:12:28
TXN0001753,ACC000691,CUST00038,IMPS,245925.43,INR,ATM,MERCH0086,PHARMACY,2026-04-29 21:50:55
TXN0001754,ACC000095,CUST00052,UPI,10117.05,INR,ATM,MERCH0013,GROCERY,2025-11-07 04:35:32
TXN0001755,ACC000384,CUST00209,ATM_WITHDRAWAL,20595.62,INR,MOBILE,MERCH0106,ELECTRONICS,2026-08-20 13:17:39
TXN0001756,ACC000381,CUST00315,NEFT,224265.06,INR,POS,MERCH0014,TRAVEL,2025-12-17 22:06:26
TXN0001757,ACC000089,CUST00131,ATM_WITHDRAWAL,72864.19,INR,MOBILE,MERCH0107,PHARMACY,2026-07-14 17:26:41
TXN0001758,ACC000188,CUST00355,IMPS,34662.61,INR,ATM,MERCH0021,FUEL,2026-05-23 17:30:09
TXN0001759,ACC000150,CUST00013,ATM_WITHDRAWAL,24039.09,INR,ATM,MERCH0005,RESTAURANT,2025-10-05 09:29:25
TXN0001760,ACC000612,CUST00221,IMPS,166255.49,INR,POS,MERCH0046,PHARMACY,2026-04-28 14:56:28
TXN0001761,ACC000428,CUST00222,IMPS,73420.38,INR,POS,MERCH0054,ELECTRONICS,2026-04-21 14:38:42
TXN0001762,ACC000426,CUST00457,IMPS,166567.18,INR,POS,MERCH0020,FUEL,2025-10-20 10:28:08
TXN0001763,ACC000486,CUST00226,NEFT,9209.04,INR,MOBILE,MERCH0019,GROCERY,2025-09-29 09:56:04
TXN0001764,ACC000552,CUST00182,CARD_PURCHASE,31536.17,INR,ATM,MERCH0099,TRAVEL,2026-05-31 17:17:06
TXN0001765,ACC000395,CUST00203,IMPS,144821.78,INR,POS,MERCH0053,GROCERY,2026-08-07 17:40:08
TXN0001766,ACC000408,CUST00472,ATM_WITHDRAWAL,182347.82,INR,WEB,MERCH0115,RESTAURANT,2026-09-10 10:49:31
TXN0001767,ACC000534,CUST00456,UPI,91058.69,INR,ATM,MERCH0009,GROCERY,2026-03-25 18:04:48
TXN0001768,ACC000114,CUST00084,UPI,210281.93,INR,POS,MERCH0024,RESTAURANT,2026-09-20 16:53:10
TXN0001769,ACC000273,CUST00126,CARD_PURCHASE,164585.78,INR,ATM,MERCH0058,ELECTRONICS,2026-05-01 16:08:15
TXN0001770,ACC000649,CUST00141,IMPS,186322.86,INR,ATM,MERCH0118,PHARMACY,2026-05-30 03:19:37
TXN0001771,ACC000072,CUST00162,NEFT,1869.6,INR,ATM,MERCH0054,GROCERY,2026-02-18 15:44:17
TXN0001772,ACC000687,CUST00011,CARD_PURCHASE,218881.48,INR,MOBILE,MERCH0114,ELECTRONICS,2026-01-09 10:14:38
TXN0001773,ACC000083,CUST00035,NEFT,128200.97,INR,ATM,MERCH0117,ELECTRONICS,2026-06-14 23:47:43
TXN0001774,ACC000040,CUST00094,NEFT,104473.37,INR,ATM,MERCH0092,TRAVEL,2026-05-18 23:26:27
TXN0001775,ACC000065,CUST00120,ATM_WITHDRAWAL,93262.24,INR,POS,MERCH0099,PHARMACY,2026-02-18 22:22:41
TXN0001776,ACC000254,CUST00147,NEFT,52773.33,INR,BRANCH,MERCH0036,PHARMACY,2026-03-15 08:41:11
TXN0001777,ACC000687,CUST00011,CARD_PURCHASE,222397.7,EUR,BRANCH,MERCH0119,PHARMACY,2026-09-10 05:30:32
TXN0001778,ACC000066,CUST00151,NEFT,108740.07,INR,MOBILE,MERCH0059,FUEL,2026-07-09 05:57:34
TXN0001779,ACC000374,CUST00220,ATM_WITHDRAWAL,136785.32,INR,POS,MERCH0006,TRAVEL,2025-12-23 00:40:59
TXN0001780,ACC000248,CUST00106,IMPS,4488.55,INR,MOBILE,MERCH0061,RESTAURANT,2026-06-13 22:21:39
TXN0001781,ACC000420,CUST00497,CARD_PURCHASE,228527.16,INR,WEB,MERCH0119,TRAVEL,2026-03-31 05:49:10
TXN0001782,ACC000180,CUST00218,ATM_WITHDRAWAL,55732.66,INR,MOBILE,MERCH0105,ELECTRONICS,2026-05-17 15:22:20
TXN0001783,ACC000386,CUST00477,ATM_WITHDRAWAL,63542.94,INR,BRANCH,MERCH0030,GROCERY,2025-12-27 20:00:37
TXN0001784,ACC000390,CUST00041,NEFT,238002.63,INR,POS,MERCH0001,RESTAURANT,2026-02-02 18:26:36
TXN0001785,ACC000691,CUST00038,UPI,239659.78,INR,ATM,MERCH0069,PHARMACY,2026-05-26 23:53:55
TXN0001786,ACC000521,CUST00442,CARD_PURCHASE,4095.69,INR,ATM,MERCH0099,PHARMACY,2026-03-17 10:12:29
TXN0001787,ACC000112,CUST00369,UPI,124163.93,INR,BRANCH,MERCH0085,PHARMACY,2026-03-26 19:15:14
TXN0001788,ACC000699,CUST00392,IMPS,194920.9,INR,POS,MERCH0072,FUEL,2026-09-13 19:07:24
TXN0001789,ACC000060,CUST00462,IMPS,44317.41,INR,MOBILE,MERCH0088,RESTAURANT,2026-09-05 16:47:22
TXN0001790,ACC000315,CUST00046,UPI,82200.42,INR,POS,MERCH0003,GROCERY,2025-11-20 04:47:45
TXN0001791,ACC000573,CUST00299,NEFT,232771.18,INR,WEB,MERCH0085,TRAVEL,2026-03-17 03:06:51
TXN0001792,ACC000407,CUST00367,IMPS,103899.76,INR,WEB,MERCH0094,ELECTRONICS,2026-04-18 01:34:01
TXN0001793,ACC000259,CUST00368,IMPS,24410.1,INR,ATM,MERCH0070,FUEL,2026-08-29 06:27:44
TXN0001794,ACC000601,CUST00316,ATM_WITHDRAWAL,159759.26,INR,WEB,MERCH0112,GROCERY,2026-02-08 14:09:00
TXN0001795,ACC000017,CUST00071,UPI,238396.85,INR,ATM,MERCH0023,GROCERY,2025-12-17 15:47:08
TXN0001796,ACC000615,CUST00205,CARD_PURCHASE,84389.08,INR,BRANCH,MERCH0060,PHARMACY,2025-11-16 19:25:18
TXN0001797,ACC000004,CUST00213,UPI,120315.66,INR,MOBILE,MERCH0046,GROCERY,2026-01-11 03:12:32
TXN0001798,ACC000570,CUST00056,IMPS,44107.87,INR,BRANCH,MERCH0033,FUEL,2026-05-27 03:35:10
TXN0001799,ACC000127,CUST00463,UPI,227730.87,INR,MOBILE,MERCH0009,ELECTRONICS,2026-07-02 14:39:39
TXN0001800,ACC000360,CUST00242,NEFT,85531.88,INR,BRANCH,MERCH0025,RESTAURANT,2025-11-28 10:32:11
TXN0001801,ACC000085,CUST00035,IMPS,7456.98,INR,POS,MERCH0014,PHARMACY,2026-02-19 14:04:48
TXN0001802,ACC000274,CUST00365,CARD_PURCHASE,53097.87,INR,POS,MERCH0100,PHARMACY,2025-12-30 14:49:37
TXN0001803,ACC000592,CUST00043,UPI,244034.56,INR,POS,MERCH0072,RESTAURANT,2026-08-30 05:42:01
TXN0001804,ACC000625,CUST00116,CARD_PURCHASE,80560.28,INR,MOBILE,MERCH0005,RESTAURANT,2025-11-22 23:42:24
TXN0001805,ACC000311,CUST00312,NEFT,940.4,INR,ATM,MERCH0084,TRAVEL,2026-02-11 16:11:01
TXN0001806,ACC000551,CUST00026,CARD_PURCHASE,187435.67,INR,ATM,MERCH0111,RESTAURANT,2026-07-06 02:47:56
TXN0001807,ACC000471,CUST00242,UPI,33528.56,INR,BRANCH,MERCH0072,GROCERY,2025-09-29 20:35:43
TXN0001808,ACC000540,CUST00055,ATM_WITHDRAWAL,33951.22,INR,BRANCH,MERCH0093,TRAVEL,2026-03-08 09:31:25
TXN0001809,ACC000618,CUST00275,UPI,156240.39,INR,ATM,MERCH0032,TRAVEL,2026-07-31 12:47:23
TXN0001810,ACC000647,CUST00076,ATM_WITHDRAWAL,205542.92,INR,MOBILE,MERCH0008,TRAVEL,2026-01-16 04:19:23
TXN0001811,ACC000426,CUST00457,NEFT,173979.73,INR,WEB,MERCH0036,TRAVEL,2025-11-16 15:28:23
TXN0001812,ACC000596,CUST00410,CARD_PURCHASE,245327.75,USD,ATM,MERCH0010,RESTAURANT,2025-10-08 06:05:15
TXN0001813,ACC000434,CUST00139,IMPS,184659.71,INR,MOBILE,MERCH0037,TRAVEL,2026-03-19 08:19:29
TXN0001814,ACC000332,CUST00274,NEFT,177952.96,INR,BRANCH,MERCH0078,PHARMACY,2026-02-28 02:23:10
TXN0001815,ACC000090,CUST00049,UPI,90639.42,INR,ATM,MERCH0099,TRAVEL,2026-06-24 17:31:09
TXN0001816,ACC000418,CUST00375,IMPS,222103.21,INR,WEB,MERCH0075,GROCERY,2026-08-29 09:49:27
TXN0001817,ACC000114,CUST00084,NEFT,12279.19,INR,BRANCH,MERCH0097,PHARMACY,2026-04-20 00:34:45
TXN0001818,ACC000320,CUST00298,UPI,202896.16,INR,BRANCH,MERCH0112,FUEL,2026-08-18 11:42:51
TXN0001819,ACC000445,CUST00293,ATM_WITHDRAWAL,74308.63,INR,ATM,MERCH0013,RESTAURANT,2025-12-18 21:06:23
TXN0001820,ACC000177,CUST00428,UPI,77979.93,INR,MOBILE,MERCH0085,TRAVEL,2026-02-24 22:30:41
TXN0001821,ACC000640,CUST00046,IMPS,185276.17,INR,MOBILE,MERCH0076,GROCERY,2025-11-09 06:45:26
TXN0001822,ACC000333,CUST00069,UPI,222851.68,INR,ATM,MERCH0052,PHARMACY,2026-08-14 00:04:34
TXN0001823,ACC000436,CUST00343,UPI,66077.92,INR,BRANCH,MERCH0115,ELECTRONICS,2026-05-23 00:50:58
TXN0001824,ACC000072,CUST00162,UPI,83522.37,INR,BRANCH,MERCH0090,GROCERY,2026-02-05 19:05:57
TXN0001825,ACC000660,CUST00188,UPI,117584.22,INR,WEB,MERCH0022,FUEL,2025-12-11 13:05:18
TXN0001826,ACC000498,CUST00448,ATM_WITHDRAWAL,59654.25,INR,BRANCH,MERCH0113,TRAVEL,2026-02-26 07:42:22
TXN0001827,ACC000534,CUST00456,ATM_WITHDRAWAL,198667.31,INR,WEB,MERCH0064,PHARMACY,2026-03-04 06:45:45
TXN0001828,ACC000381,CUST00315,NEFT,14852.32,INR,POS,MERCH0025,PHARMACY,2026-08-30 21:23:57
TXN0001829,ACC000010,CUST00113,IMPS,86073.52,INR,BRANCH,MERCH0053,PHARMACY,2026-03-02 22:55:56
TXN0001830,ACC000142,CUST00206,IMPS,67347.37,INR,MOBILE,MERCH0091,RESTAURANT,2026-03-19 14:22:41
TXN0001831,ACC000018,CUST00201,IMPS,162087.92,INR,MOBILE,MERCH0052,PHARMACY,2026-07-03 13:41:24
TXN0001832,ACC000207,CUST00483,NEFT,186698.94,INR,BRANCH,MERCH0024,FUEL,2026-03-16 09:17:55
TXN0001833,ACC000532,CUST00145,ATM_WITHDRAWAL,30003.11,INR,WEB,MERCH0092,GROCERY,2026-03-13 02:49:43
TXN0001834,ACC000471,CUST00242,NEFT,249536.26,INR,MOBILE,MERCH0088,RESTAURANT,2026-02-19 13:59:49
TXN0001835,ACC000401,CUST00255,NEFT,241305.32,INR,MOBILE,MERCH0074,GROCERY,2026-03-20 17:44:24
TXN0001836,ACC000103,CUST00388,NEFT,179311.95,INR,MOBILE,MERCH0053,GROCERY,2026-02-09 22:04:28
TXN0001837,ACC000679,CUST00397,IMPS,51591.3,INR,MOBILE,MERCH0112,TRAVEL,2026-01-30 21:59:01
TXN0001838,ACC000414,CUST00190,IMPS,244312.73,INR,BRANCH,MERCH0088,TRAVEL,2026-01-26 08:05:23
TXN0001839,ACC000246,CUST00162,CARD_PURCHASE,165783.3,INR,WEB,MERCH0027,RESTAURANT,2026-06-07 03:10:37
TXN0001840,ACC000157,CUST00185,IMPS,47008.29,INR,WEB,MERCH0063,RESTAURANT,2026-02-23 15:18:24
TXN0001841,ACC000151,CUST00227,IMPS,109368.33,INR,POS,MERCH0060,ELECTRONICS,2025-11-12 10:09:57
TXN0001842,ACC000241,CUST00119,UPI,195350.46,INR,POS,MERCH0068,TRAVEL,2026-06-29 15:09:49
TXN0001843,ACC000037,CUST00102,NEFT,103356.95,INR,WEB,MERCH0037,TRAVEL,2026-04-15 12:48:57
TXN0001844,ACC000672,CUST00434,NEFT,106543.81,INR,BRANCH,MERCH0009,PHARMACY,2025-12-10 16:42:53
TXN0001845,ACC000013,CUST00403,CARD_PURCHASE,86967.27,INR,POS,MERCH0026,FUEL,2025-12-26 06:23:59
TXN0001846,ACC000170,CUST00373,IMPS,209868.6,USD,ATM,MERCH0021,RESTAURANT,2025-12-14 23:39:16
TXN0001847,ACC000222,CUST00363,NEFT,109537.94,INR,WEB,MERCH0083,RESTAURANT,2026-06-25 11:15:58
TXN0001848,ACC000690,CUST00488,CARD_PURCHASE,54726.03,INR,BRANCH,MERCH0083,ELECTRONICS,2025-12-04 21:22:14
TXN0001849,ACC000138,CUST00199,UPI,66926.27,INR,ATM,MERCH0089,GROCERY,2026-04-30 11:11:39
TXN0001850,ACC000189,CUST00229,IMPS,215501.98,INR,ATM,MERCH0096,RESTAURANT,2025-12-06 07:16:07
TXN0001851,ACC000194,CUST00337,UPI,15751.31,INR,MOBILE,MERCH0031,TRAVEL,2026-08-27 00:02:47
TXN0001852,ACC000118,CUST00333,IMPS,202429.44,INR,BRANCH,MERCH0110,PHARMACY,2026-07-01 23:04:45
TXN0001853,ACC000218,CUST00357,ATM_WITHDRAWAL,199750.67,INR,WEB,MERCH0081,RESTAURANT,2026-06-04 18:48:38
TXN0001854,ACC000038,CUST00337,ATM_WITHDRAWAL,852.68,INR,ATM,MERCH0099,FUEL,2026-07-23 06:01:45
TXN0001855,ACC000326,CUST00443,ATM_WITHDRAWAL,104937.34,INR,POS,MERCH0025,ELECTRONICS,2026-05-20 01:47:31
TXN0001856,ACC000277,CUST00198,UPI,183157.41,INR,POS,MERCH0033,FUEL,2026-02-09 20:43:10
TXN0001857,ACC000057,CUST00364,IMPS,146552.23,INR,BRANCH,MERCH0073,PHARMACY,2026-09-06 09:21:28
TXN0001858,ACC000153,CUST00381,IMPS,24031.52,INR,WEB,MERCH0114,ELECTRONICS,2026-03-20 16:25:26
TXN0001859,ACC000459,CUST00436,IMPS,11460.4,INR,POS,MERCH0098,ELECTRONICS,2026-04-22 15:05:34
TXN0001860,ACC000457,CUST00066,ATM_WITHDRAWAL,83363.96,INR,BRANCH,MERCH0003,FUEL,2026-08-22 15:57:30
TXN0001861,ACC000126,CUST00226,UPI,25807.07,INR,WEB,MERCH0053,GROCERY,2026-07-15 10:13:30
TXN0001862,ACC000138,CUST00199,NEFT,116776.05,INR,MOBILE,MERCH0014,FUEL,2026-07-26 08:09:07
TXN0001863,ACC000242,CUST00170,ATM_WITHDRAWAL,110325.88,INR,WEB,MERCH0028,TRAVEL,2026-02-27 06:13:20
TXN0001864,ACC000504,CUST00378,UPI,9163.6,INR,BRANCH,MERCH0053,GROCERY,2026-02-14 06:59:29
TXN0001865,ACC000624,CUST00298,IMPS,160758.38,INR,WEB,MERCH0012,TRAVEL,2026-05-29 19:57:45
TXN0001866,ACC000430,CUST00493,NEFT,152947.39,INR,ATM,MERCH0102,PHARMACY,2026-01-18 21:57:11
TXN0001867,ACC000094,CUST00068,ATM_WITHDRAWAL,186606.97,INR,WEB,MERCH0006,RESTAURANT,2025-12-13 15:32:20
TXN0001868,ACC000525,CUST00316,IMPS,135273.37,INR,MOBILE,MERCH0119,RESTAURANT,2026-02-21 06:53:02
TXN0001869,ACC000007,CUST00431,NEFT,198932.61,INR,MOBILE,MERCH0012,PHARMACY,2025-11-15 14:45:07
TXN0001870,ACC000509,CUST00097,ATM_WITHDRAWAL,57340.01,INR,MOBILE,MERCH0055,FUEL,2026-03-23 08:19:52
TXN0001871,ACC000160,CUST00294,IMPS,233664.36,INR,BRANCH,MERCH0090,ELECTRONICS,2025-11-02 22:08:25
TXN0001872,ACC000605,CUST00358,UPI,184727.79,USD,BRANCH,MERCH0003,FUEL,2026-04-20 12:58:38
TXN0001873,ACC000285,CUST00242,IMPS,48144.23,INR,WEB,MERCH0095,GROCERY,2026-06-02 00:44:26
TXN0001874,ACC000471,CUST00242,NEFT,48972.06,INR,WEB,MERCH0038,RESTAURANT,2026-03-16 09:22:24
TXN0001875,ACC000019,CUST00102,UPI,165418.7,INR,WEB,MERCH0005,GROCERY,2026-01-16 08:38:06
TXN0001876,ACC000604,CUST00157,NEFT,91666.94,INR,ATM,MERCH0107,FUEL,2026-09-08 01:38:21
TXN0001877,ACC000373,CUST00171,CARD_PURCHASE,38490.83,INR,WEB,MERCH0061,RESTAURANT,2026-08-11 04:31:30
TXN0001878,ACC000435,CUST00129,UPI,42852.07,INR,WEB,MERCH0088,RESTAURANT,2026-07-19 13:02:03
TXN0001879,ACC000520,CUST00299,UPI,21215.98,INR,MOBILE,MERCH0020,RESTAURANT,2026-08-25 15:28:07
TXN0001880,ACC000700,CUST00120,UPI,108660.27,INR,WEB,MERCH0035,FUEL,2026-05-21 21:47:02
TXN0001881,ACC000077,CUST00176,ATM_WITHDRAWAL,178433.44,INR,BRANCH,MERCH0116,PHARMACY,2026-02-28 18:39:50
TXN0001882,ACC000161,CUST00054,ATM_WITHDRAWAL,246102.04,INR,WEB,MERCH0107,PHARMACY,2025-10-11 11:44:11
TXN0001883,ACC000510,CUST00219,ATM_WITHDRAWAL,165132.55,INR,POS,MERCH0055,ELECTRONICS,2025-12-08 04:04:50
TXN0001884,ACC000605,CUST00358,ATM_WITHDRAWAL,209174.14,INR,ATM,MERCH0034,PHARMACY,2025-12-15 01:41:39
TXN0001885,ACC000689,CUST00185,NEFT,231554.02,INR,MOBILE,MERCH0026,RESTAURANT,2026-01-30 20:52:56
TXN0001886,ACC000233,CUST00082,IMPS,93887.78,INR,MOBILE,MERCH0112,PHARMACY,2026-04-23 23:35:57
TXN0001887,ACC000140,CUST00142,UPI,199152.48,INR,MOBILE,MERCH0030,FUEL,2026-09-02 08:08:46
TXN0001888,ACC000678,CUST00229,ATM_WITHDRAWAL,237391.16,INR,POS,MERCH0051,FUEL,2025-11-21 14:10:38
TXN0001889,ACC000371,CUST00335,ATM_WITHDRAWAL,178115.12,INR,MOBILE,MERCH0067,ELECTRONICS,2026-06-04 21:50:40
TXN0001890,ACC000537,CUST00029,ATM_WITHDRAWAL,218951.01,INR,WEB,MERCH0117,GROCERY,2026-02-17 23:17:39
TXN0001891,ACC000225,CUST00137,ATM_WITHDRAWAL,214577.21,INR,MOBILE,MERCH0031,PHARMACY,2026-09-20 16:03:25
TXN0001892,ACC000691,CUST00038,ATM_WITHDRAWAL,20901.13,INR,MOBILE,MERCH0034,TRAVEL,2026-04-10 16:54:17
TXN0001893,ACC000138,CUST00199,IMPS,137231.37,INR,MOBILE,MERCH0055,RESTAURANT,2026-03-08 09:57:50
TXN0001894,ACC000171,CUST00032,NEFT,34936.71,INR,MOBILE,MERCH0067,ELECTRONICS,2025-11-30 18:06:25
TXN0001895,ACC000596,CUST00410,ATM_WITHDRAWAL,110592.49,INR,BRANCH,MERCH0011,FUEL,2026-03-12 18:19:23
TXN0001896,ACC000392,CUST00011,IMPS,115230.19,INR,ATM,MERCH0004,GROCERY,2025-09-30 23:36:33
TXN0001897,ACC000490,CUST00110,UPI,195014.09,INR,MOBILE,MERCH0111,FUEL,2026-06-18 05:42:46
TXN0001898,ACC000230,CUST00003,UPI,20917.61,INR,BRANCH,MERCH0011,GROCERY,2025-12-10 21:43:52
TXN0001899,ACC000221,CUST00433,NEFT,120200.16,INR,POS,MERCH0101,PHARMACY,2026-02-18 14:57:16
TXN0001900,ACC000297,CUST00480,IMPS,14321.32,INR,BRANCH,MERCH0004,FUEL,2026-04-30 01:55:56
TXN0001901,ACC000240,CUST00435,NEFT,247100.84,INR,MOBILE,MERCH0102,PHARMACY,2026-06-07 18:16:39
TXN0001902,ACC000620,CUST00174,IMPS,188134.81,INR,MOBILE,MERCH0070,ELECTRONICS,2025-11-27 15:46:47
TXN0001903,ACC000185,CUST00102,ATM_WITHDRAWAL,167039.21,INR,ATM,MERCH0063,PHARMACY,2026-01-05 20:58:26
TXN0001904,ACC000171,CUST00032,UPI,37652.81,INR,ATM,MERCH0065,PHARMACY,2026-07-08 10:24:26
TXN0001905,ACC000564,CUST00427,UPI,78535.27,INR,BRANCH,MERCH0056,RESTAURANT,2026-06-13 01:22:48
TXN0001906,ACC000497,CUST00276,UPI,11046.16,INR,ATM,MERCH0114,ELECTRONICS,2026-04-28 12:22:49
TXN0001907,ACC000477,CUST00358,CARD_PURCHASE,86344.59,INR,ATM,MERCH0093,PHARMACY,2026-07-17 11:17:02
TXN0001908,ACC000690,CUST00488,IMPS,132513.5,INR,BRANCH,MERCH0016,ELECTRONICS,2025-11-21 06:07:38
TXN0001909,ACC000666,CUST00414,CARD_PURCHASE,37326.77,INR,WEB,MERCH0042,TRAVEL,2026-05-28 18:13:11
TXN0001910,ACC000668,CUST00156,UPI,91559.0,INR,BRANCH,MERCH0049,FUEL,2026-02-24 19:12:27
TXN0001911,ACC000677,CUST00351,UPI,138140.31,INR,POS,MERCH0007,RESTAURANT,2026-05-03 01:28:48
TXN0001912,ACC000606,CUST00214,NEFT,60105.06,INR,BRANCH,MERCH0072,RESTAURANT,2026-07-22 08:54:01
TXN0001913,ACC000650,CUST00122,ATM_WITHDRAWAL,88775.72,EUR,BRANCH,MERCH0100,FUEL,2026-07-29 17:47:14
TXN0001914,ACC000486,CUST00226,ATM_WITHDRAWAL,46199.76,INR,ATM,MERCH0103,GROCERY,2025-12-07 13:10:03
TXN0001915,ACC000124,CUST00346,UPI,216314.18,INR,BRANCH,MERCH0016,PHARMACY,2025-11-19 05:55:01
TXN0001916,ACC000491,CUST00096,ATM_WITHDRAWAL,184629.17,INR,ATM,MERCH0110,FUEL,2026-02-28 10:56:43
TXN0001917,ACC000197,CUST00322,NEFT,136873.94,INR,WEB,MERCH0067,ELECTRONICS,2026-01-22 15:21:15
TXN0001918,ACC000336,CUST00383,CARD_PURCHASE,179548.17,INR,MOBILE,MERCH0052,TRAVEL,2026-03-22 16:55:37
TXN0001919,ACC000350,CUST00303,NEFT,38723.68,INR,POS,MERCH0080,FUEL,2025-12-26 03:31:22
TXN0001920,ACC000694,CUST00376,IMPS,181500.14,INR,ATM,MERCH0053,TRAVEL,2026-08-24 20:04:26
TXN0001921,ACC000471,CUST00242,NEFT,5187.14,INR,WEB,MERCH0048,FUEL,2026-07-05 12:26:46
TXN0001922,ACC000557,CUST00321,ATM_WITHDRAWAL,107727.95,INR,ATM,MERCH0011,RESTAURANT,2025-11-11 10:18:31
TXN0001923,ACC000073,CUST00429,UPI,205511.01,INR,POS,MERCH0021,TRAVEL,2026-07-14 21:34:59
TXN0001924,ACC000633,CUST00359,IMPS,189416.93,INR,MOBILE,MERCH0024,RESTAURANT,2026-09-18 09:20:57
TXN0001925,ACC000419,CUST00315,NEFT,180283.82,INR,BRANCH,MERCH0088,ELECTRONICS,2026-03-29 17:40:48
TXN0001926,ACC000507,CUST00118,IMPS,47926.1,INR,MOBILE,MERCH0086,GROCERY,2026-01-22 12:46:51
TXN0001927,ACC000377,CUST00403,CARD_PURCHASE,94324.01,INR,ATM,MERCH0111,TRAVEL,2026-05-16 18:23:47
TXN0001928,ACC000409,CUST00119,ATM_WITHDRAWAL,143931.6,INR,BRANCH,MERCH0118,GROCERY,2026-09-19 01:49:33
TXN0001929,ACC000636,CUST00307,NEFT,182697.71,INR,BRANCH,MERCH0090,PHARMACY,2026-07-15 04:46:55
TXN0001930,ACC000352,CUST00031,ATM_WITHDRAWAL,44621.87,USD,ATM,MERCH0093,ELECTRONICS,2026-05-17 12:43:44
TXN0001931,ACC000269,CUST00303,CARD_PURCHASE,152527.71,INR,ATM,MERCH0005,TRAVEL,2026-04-15 18:53:12
TXN0001932,ACC000285,CUST00242,UPI,248281.58,INR,WEB,MERCH0118,ELECTRONICS,2026-07-04 07:06:15
TXN0001933,ACC000034,CUST00326,NEFT,242433.28,INR,WEB,MERCH0107,PHARMACY,2026-05-23 15:37:46
TXN0001934,ACC000413,CUST00440,IMPS,146784.52,INR,MOBILE,MERCH0051,FUEL,2026-08-27 21:34:53
TXN0001935,ACC000389,CUST00049,NEFT,201678.18,INR,MOBILE,MERCH0013,FUEL,2025-10-05 10:28:56
TXN0001936,ACC000662,CUST00063,ATM_WITHDRAWAL,113691.43,INR,MOBILE,MERCH0070,GROCERY,2026-06-11 07:59:21
TXN0001937,ACC000242,CUST00170,ATM_WITHDRAWAL,243897.81,INR,MOBILE,MERCH0081,FUEL,2025-10-29 10:09:17
TXN0001938,ACC000202,CUST00251,NEFT,123150.34,INR,ATM,MERCH0029,GROCERY,2026-07-24 08:28:01
TXN0001939,ACC000070,CUST00030,CARD_PURCHASE,213704.83,INR,MOBILE,MERCH0118,PHARMACY,2025-10-17 02:38:15
TXN0001940,ACC000201,CUST00006,ATM_WITHDRAWAL,124171.63,USD,POS,MERCH0013,RESTAURANT,2025-10-25 00:41:44
TXN0001941,ACC000416,CUST00331,ATM_WITHDRAWAL,214596.03,INR,BRANCH,MERCH0115,GROCERY,2025-09-30 01:31:31
TXN0001942,ACC000462,CUST00296,UPI,227878.61,INR,MOBILE,MERCH0104,GROCERY,2025-09-25 02:14:42
TXN0001943,ACC000391,CUST00273,ATM_WITHDRAWAL,26695.38,INR,MOBILE,MERCH0071,ELECTRONICS,2026-09-14 02:04:11
TXN0001944,ACC000315,CUST00046,ATM_WITHDRAWAL,130972.2,INR,POS,MERCH0043,RESTAURANT,2026-08-22 14:11:34
TXN0001945,ACC000344,CUST00413,CARD_PURCHASE,65979.15,INR,BRANCH,MERCH0016,FUEL,2026-08-25 09:26:12
TXN0001946,ACC000306,CUST00464,CARD_PURCHASE,229168.86,INR,WEB,MERCH0051,TRAVEL,2025-10-12 05:08:17
TXN0001947,ACC000415,CUST00437,ATM_WITHDRAWAL,198022.71,INR,MOBILE,MERCH0010,TRAVEL,2026-01-28 11:19:53
TXN0001948,ACC000300,CUST00193,ATM_WITHDRAWAL,17737.46,INR,BRANCH,MERCH0082,PHARMACY,2026-08-18 20:15:49
TXN0001949,ACC000184,CUST00057,IMPS,27222.95,INR,WEB,MERCH0051,PHARMACY,2025-10-26 15:48:49
TXN0001950,ACC000058,CUST00234,CARD_PURCHASE,85744.14,INR,WEB,MERCH0097,RESTAURANT,2026-01-21 09:33:28
TXN0001951,ACC000555,CUST00176,NEFT,42658.47,INR,WEB,MERCH0078,PHARMACY,2026-09-18 12:14:25
TXN0001952,ACC000596,CUST00410,ATM_WITHDRAWAL,36979.1,INR,ATM,MERCH0043,TRAVEL,2026-09-06 22:52:02
TXN0001953,ACC000317,CUST00500,CARD_PURCHASE,19195.39,INR,MOBILE,MERCH0090,FUEL,2026-02-07 06:05:53
TXN0001954,ACC000591,CUST00260,IMPS,32521.81,INR,MOBILE,MERCH0107,TRAVEL,2025-12-09 13:36:36
TXN0001955,ACC000219,CUST00183,UPI,194506.83,INR,POS,MERCH0120,RESTAURANT,2026-07-07 12:09:19
TXN0001956,ACC000564,CUST00427,CARD_PURCHASE,108848.46,INR,MOBILE,MERCH0067,FUEL,2025-11-19 05:10:05
TXN0001957,ACC000177,CUST00428,UPI,29137.0,INR,MOBILE,MERCH0006,ELECTRONICS,2025-12-13 10:51:41
TXN0001958,ACC000379,CUST00349,UPI,130068.94,INR,POS,MERCH0051,PHARMACY,2026-01-19 04:07:52
TXN0001959,ACC000454,CUST00200,UPI,204544.89,INR,POS,MERCH0020,FUEL,2026-08-14 05:08:20
TXN0001960,ACC000461,CUST00044,CARD_PURCHASE,18179.13,INR,WEB,MERCH0013,ELECTRONICS,2025-10-17 08:49:37
TXN0001961,ACC000007,CUST00431,NEFT,63514.19,INR,MOBILE,MERCH0105,RESTAURANT,2026-02-09 16:17:37
TXN0001962,ACC000149,CUST00216,ATM_WITHDRAWAL,137577.34,INR,MOBILE,MERCH0063,FUEL,2026-05-21 18:23:15
TXN0001963,ACC000690,CUST00488,CARD_PURCHASE,106124.15,INR,WEB,MERCH0080,ELECTRONICS,2026-09-09 20:13:49
TXN0001964,ACC000359,CUST00216,ATM_WITHDRAWAL,207849.57,INR,MOBILE,MERCH0015,ELECTRONICS,2026-01-22 06:07:14
TXN0001965,ACC000305,CUST00363,IMPS,224091.16,INR,BRANCH,MERCH0058,ELECTRONICS,2026-05-06 07:34:53
TXN0001966,ACC000408,CUST00472,IMPS,74617.08,INR,BRANCH,MERCH0095,PHARMACY,2026-09-08 00:08:21
TXN0001967,ACC000014,CUST00431,NEFT,101870.24,INR,ATM,MERCH0079,FUEL,2026-08-09 09:20:19
TXN0001968,ACC000368,CUST00107,UPI,13359.55,INR,POS,MERCH0089,FUEL,2026-03-14 04:13:10
TXN0001969,ACC000006,CUST00198,UPI,151424.46,INR,ATM,MERCH0073,PHARMACY,2026-03-25 05:34:55
TXN0001970,ACC000650,CUST00122,UPI,200823.6,INR,WEB,MERCH0120,GROCERY,2026-01-31 05:37:17
TXN0001971,ACC000216,CUST00467,CARD_PURCHASE,247973.61,INR,WEB,MERCH0052,PHARMACY,2026-06-21 23:30:16
TXN0001972,ACC000526,CUST00358,ATM_WITHDRAWAL,155947.66,INR,BRANCH,MERCH0074,RESTAURANT,2025-11-28 18:35:50
TXN0001973,ACC000232,CUST00107,IMPS,207572.24,INR,BRANCH,MERCH0096,FUEL,2026-01-12 06:01:46
TXN0001974,ACC000639,CUST00475,CARD_PURCHASE,22422.77,INR,WEB,MERCH0069,TRAVEL,2026-01-17 11:51:12
TXN0001975,ACC000538,CUST00342,ATM_WITHDRAWAL,96030.87,INR,WEB,MERCH0019,TRAVEL,2025-10-31 03:29:27
TXN0001976,ACC000510,CUST00219,ATM_WITHDRAWAL,25744.97,INR,BRANCH,MERCH0114,TRAVEL,2026-07-30 07:45:36
TXN0001977,ACC000169,CUST00186,ATM_WITHDRAWAL,154699.72,USD,WEB,MERCH0023,ELECTRONICS,2026-04-27 22:37:07
TXN0001978,ACC000389,CUST00049,UPI,46246.8,INR,WEB,MERCH0038,ELECTRONICS,2025-11-22 19:00:24
TXN0001979,ACC000192,CUST00350,CARD_PURCHASE,101059.0,INR,MOBILE,MERCH0053,PHARMACY,2026-09-06 13:40:14
TXN0001980,ACC000001,CUST00362,UPI,247505.76,INR,POS,MERCH0082,GROCERY,2026-08-29 16:52:25
TXN0001981,ACC000015,CUST00060,CARD_PURCHASE,190950.27,USD,MOBILE,MERCH0083,RESTAURANT,2025-11-19 18:20:50
TXN0001982,ACC000391,CUST00273,NEFT,187321.65,INR,WEB,MERCH0067,PHARMACY,2025-11-24 03:06:37
TXN0001983,ACC000503,CUST00120,NEFT,81451.26,INR,ATM,MERCH0084,ELECTRONICS,2026-03-01 23:15:36
TXN0001984,ACC000632,CUST00114,ATM_WITHDRAWAL,34639.38,INR,MOBILE,MERCH0108,TRAVEL,2025-11-06 17:23:32
TXN0001985,ACC000052,CUST00099,UPI,224313.73,USD,MOBILE,MERCH0019,FUEL,2026-04-16 10:53:27
TXN0001986,ACC000690,CUST00488,ATM_WITHDRAWAL,152505.65,INR,BRANCH,MERCH0103,ELECTRONICS,2026-09-10 05:25:10
TXN0001987,ACC000086,CUST00290,CARD_PURCHASE,147632.13,INR,WEB,MERCH0056,FUEL,2026-05-19 20:19:02
TXN0001988,ACC000315,CUST00046,IMPS,23383.41,INR,BRANCH,MERCH0049,TRAVEL,2026-02-27 19:56:26
TXN0001989,ACC000554,CUST00029,CARD_PURCHASE,157591.9,INR,WEB,MERCH0002,PHARMACY,2025-11-22 04:43:39
TXN0001990,ACC000675,CUST00208,CARD_PURCHASE,202187.45,INR,WEB,MERCH0099,ELECTRONICS,2026-04-27 20:32:08
TXN0001991,ACC000041,CUST00027,ATM_WITHDRAWAL,78430.53,INR,MOBILE,MERCH0033,ELECTRONICS,2026-04-24 05:27:14
TXN0001992,ACC000269,CUST00303,IMPS,99673.64,INR,BRANCH,MERCH0102,TRAVEL,2026-05-23 21:11:33
TXN0001993,ACC000495,CUST00141,ATM_WITHDRAWAL,67982.64,INR,MOBILE,MERCH0107,ELECTRONICS,2026-03-23 02:08:06
TXN0001994,ACC000559,CUST00349,CARD_PURCHASE,188085.69,INR,BRANCH,MERCH0056,PHARMACY,2026-06-20 12:38:22
TXN0001995,ACC000447,CUST00421,CARD_PURCHASE,226835.68,INR,MOBILE,MERCH0015,RESTAURANT,2026-01-08 22:44:37
TXN0001996,ACC000380,CUST00407,ATM_WITHDRAWAL,50522.65,INR,WEB,MERCH0105,PHARMACY,2026-06-16 16:22:30
TXN0001997,ACC000302,CUST00197,IMPS,205891.9,INR,MOBILE,MERCH0007,GROCERY,2026-08-17 01:19:50
TXN0001998,ACC000076,CUST00389,CARD_PURCHASE,131957.82,INR,ATM,MERCH0011,TRAVEL,2026-09-07 16:05:26
TXN0001999,ACC000217,CUST00497,ATM_WITHDRAWAL,18299.97,INR,MOBILE,MERCH0059,RESTAURANT,2025-12-27 13:55:42
TXN0002000,ACC000061,CUST00451,NEFT,215726.0,INR,BRANCH,MERCH0057,FUEL,2025-11-04 18:02:35
